case_id,status,unit_or_set_id,pcb_release_hash,firmware_hash,parts_and_harness_ids,instruments_and_uncertainty,ambient_and_conditions,observations,raw_evidence,disposition_or_blocker,tested_at,tested_by
B01,NOT RUN,,,,,,,,,Incoming parts and equipment pending,,
B02,NOT RUN,,,,,,,,,Physical prototype and verified first-power setup pending,,
B03,NOT RUN,,,,,,,,,Physical prototype and rail limit freeze pending,,
B04,NOT RUN,,,,,,,,,Programming equipment and recovery route pending,,
B05,NOT RUN,,,,,,,,,O02 current envelope and load equipment pending,,
B06,NOT RUN,,,,,,,,,PCB diagnostics and differential audio measurement pending,,
B07,NOT RUN,,,,,,,,,Exact display socket and diagnostic sequence pending,,
B08,NOT RUN,,,,,,,,,RTC diagnostics and reference clock pending,,
B09,NOT RUN,,,,,,,,,Current measurement and sleep diagnostic pending,,
B10,NOT RUN,,,,,,,,,Verified harnesses and debounce diagnostics pending,,
B11,NOT RUN,,,,,,,,,Exact LED ratings and assembled front board pending,,
B12,NOT RUN,,,,,,,,,Calibrated ADC diagnostic and measurement pending,,
B13,NOT RUN,,,,,,,,,Thermal stop limits and product endurance target pending,,
B14,NOT RUN,,,,,,,,,Sound radio latency targets and instruments pending,,
B15,NOT RUN,,,,,,,,,Actual parts enclosure samples and service fixture pending,,
