Comment,Designator,Footprint,LCSC Part #
0402WGF1500TCE,"R29,R30",R_0402_1005Metric,C25082
046701.5NRHF,F1,Fuse_0603_1608Metric,C187608
1101M2S3CQE2,SW1,SW_CK_1101M2S3CQE2,C221538
150141M173100,D2,LED_RGB_Wuerth-PLCC4_3.2x2.8mm_150141M173100,C5342281
AO3401A,"Q1,Q6",SOT-23,C15127
B2B-PH-SM4-TB(LF)(SN),J1,JST_PH_B2B-PH-SM4-TB_1x02-1MP_P2.00mm_Vertical,C160352
CL31A107MQHNNNE,C21,C_1206_3216Metric,C15008
ESP32-S3-WROOM-1-N16,U3,ESP32-S3-WROOM-1_Overhang,C2913199
GRM155R61A105KE15D,C19,C_0402_1005Metric,C76999
GRM155R71C104KA88D,"C4,C12,C18,C20,C25,C29,C34",C_0402_1005Metric,C71629
GRM188R61A106KAALD,"C3,C5,C11,C13,C35",C_0603_1608Metric,C703114
GRM188R71C104KA01D,"C36,C37",C_0603_1608Metric,C45000
GRM21BR61A226ME44L,C17,C_0805_2012Metric,C441864
GRM21BR61E106KA73L,"C1,C2,C9,C10",C_0805_2012Metric,C84416
GRM31CR61C226KE15L,"C6,C7,C8,C14,C15,C16",C_1206_3216Metric,C77088
MMBT3904LT1G,"Q4,Q5,Q7",SOT-23,C81464
RC0402FR-07100KL,"R1,R6,R10,R19,R32,R40,R45,R47,R54,R55,R56",R_0402_1005Metric,C60491
RC0402FR-0710KL,"R3,R7,R12,R13,R18,R27,R31,R33,R43,R46",R_0402_1005Metric,C60490
RC0402FR-07130KL,R9,R_0402_1005Metric,C93946
RC0402FR-07150KL,R5,R_0402_1005Metric,C93947
RC0402FR-071ML,R41,R_0402_1005Metric,C138033
RC0402FR-0722RL,"R34,R35",R_0402_1005Metric,C114765
RC0402FR-07330RL,R28,R_0402_1005Metric,C105875
RC0402FR-07470KL,R4,R_0402_1005Metric,C137976
RC0402FR-0747KL,"R42,R44",R_0402_1005Metric,C93943
RC0402FR-074K7L,"R16,R17",R_0402_1005Metric,C105871
RC0402FR-075K1L,"R14,R15",R_0402_1005Metric,C105872
RC0402FR-07680KL,R8,R_0402_1005Metric,C163456
RT0402BRD0710KL,R49,R_0402_1005Metric,C190095
RT0402BRD0733KL,R48,R_0402_1005Metric,C728559
RV-3028-C7-32.768kHz-1ppm-TA-QC,U5,MicroCrystal_C7_SON-8_1.5x3.2mm_P0.9mm,C3019759
SSW-105-01-F-S,J3,Samtec_SSW-105-01-F-S,C5930350
TMUX1511PWR,U10,TSSOP-14_4.4x5mm_P0.65mm,C2866750
TPS63070RNMR,"U1,U2",TPS63070,C109322
TS-1187A-B-A-B,"SW2,SW3,SW7",SW_Push_1P1T_XKB_TS-1187A,C318884
TYPE-C-31-M-12,J2,USB_C_HRO_Overhang,C165948
USBLC6-2SC6,U4,SOT-23-6,C7519
XFL4020-152MEC,"L1,L2",IND_XFL4020-152MEC,C3033018
