board,reference,value,candidate_mpn,footprint,datasheet_from_review,source_intent,identity_status,supplier_part_id,availability_check_date,assembly_responsibility,review_notes
alec-main,C1,10µF,,Capacitor_SMD:C_0805_2012Metric,,Populate; verify ordering code,SELECT_MPN,,,,"Source candidate only; package, ratings, pin mapping, supply and assembly require review."
alec-main,C10,10µF,,Capacitor_SMD:C_0805_2012Metric,,Populate; verify ordering code,SELECT_MPN,,,,"Source candidate only; package, ratings, pin mapping, supply and assembly require review."
alec-main,C11,10µF,,Capacitor_SMD:C_0603_1608Metric,,Populate; verify ordering code,SELECT_MPN,,,,"Source candidate only; package, ratings, pin mapping, supply and assembly require review."
alec-main,C12,0.1µF,,Capacitor_SMD:C_0402_1005Metric,,Populate; verify ordering code,SELECT_MPN,,,,"Source candidate only; package, ratings, pin mapping, supply and assembly require review."
alec-main,C13,10µF,,Capacitor_SMD:C_0603_1608Metric,,Populate; verify ordering code,SELECT_MPN,,,,"Source candidate only; package, ratings, pin mapping, supply and assembly require review."
alec-main,C14,22µF,GRM31CR61C226KE15L,Capacitor_SMD:C_1206_3216Metric,https://search.murata.co.jp/Ceramy/image/img/A01X/G101/ENG/GRM31CR61C226KE15-01A.pdf,Populate; verify ordering code,REVIEW_CANDIDATE_MPN,,,,"Source candidate only; package, ratings, pin mapping, supply and assembly require review."
alec-main,C15,22µF,GRM31CR61C226KE15L,Capacitor_SMD:C_1206_3216Metric,https://search.murata.co.jp/Ceramy/image/img/A01X/G101/ENG/GRM31CR61C226KE15-01A.pdf,Populate; verify ordering code,REVIEW_CANDIDATE_MPN,,,,"Source candidate only; package, ratings, pin mapping, supply and assembly require review."
alec-main,C16,22µF,GRM31CR61C226KE15L,Capacitor_SMD:C_1206_3216Metric,https://search.murata.co.jp/Ceramy/image/img/A01X/G101/ENG/GRM31CR61C226KE15-01A.pdf,Populate; verify ordering code,REVIEW_CANDIDATE_MPN,,,,"Source candidate only; package, ratings, pin mapping, supply and assembly require review."
alec-main,C17,22µF,,Capacitor_SMD:C_0805_2012Metric,,Populate; verify ordering code,SELECT_MPN,,,,"Source candidate only; package, ratings, pin mapping, supply and assembly require review."
alec-main,C18,0.1µF,,Capacitor_SMD:C_0402_1005Metric,,Populate; verify ordering code,SELECT_MPN,,,,"Source candidate only; package, ratings, pin mapping, supply and assembly require review."
alec-main,C19,1µF,,Capacitor_SMD:C_0402_1005Metric,,Populate; verify ordering code,SELECT_MPN,,,,"Source candidate only; package, ratings, pin mapping, supply and assembly require review."
alec-main,C2,10µF,,Capacitor_SMD:C_0805_2012Metric,,Populate; verify ordering code,SELECT_MPN,,,,"Source candidate only; package, ratings, pin mapping, supply and assembly require review."
alec-main,C20,0.1µF,,Capacitor_SMD:C_0402_1005Metric,,Populate; verify ordering code,SELECT_MPN,,,,"Source candidate only; package, ratings, pin mapping, supply and assembly require review."
alec-main,C21,100µF,,Capacitor_SMD:C_1206_3216Metric,,Populate; verify ordering code,SELECT_MPN,,,,"Source candidate only; package, ratings, pin mapping, supply and assembly require review."
alec-main,C22,0.1µF,,Capacitor_SMD:C_0402_1005Metric,,Populate; verify ordering code,SELECT_MPN,,,,"Source candidate only; package, ratings, pin mapping, supply and assembly require review."
alec-main,C23,0.1µF,,Capacitor_SMD:C_0402_1005Metric,,Populate; verify ordering code,SELECT_MPN,,,,"Source candidate only; package, ratings, pin mapping, supply and assembly require review."
alec-main,C24,0.1µF,,Capacitor_SMD:C_0402_1005Metric,,Populate; verify ordering code,SELECT_MPN,,,,"Source candidate only; package, ratings, pin mapping, supply and assembly require review."
alec-main,C25,0.1µF,,Capacitor_SMD:C_0402_1005Metric,,Populate; verify ordering code,SELECT_MPN,,,,"Source candidate only; package, ratings, pin mapping, supply and assembly require review."
alec-main,C26,100µF,,Capacitor_SMD:C_1206_3216Metric,,Populate; verify ordering code,SELECT_MPN,,,,"Source candidate only; package, ratings, pin mapping, supply and assembly require review."
alec-main,C27,10µF,,Capacitor_SMD:C_0805_2012Metric,,Populate; verify ordering code,SELECT_MPN,,,,"Source candidate only; package, ratings, pin mapping, supply and assembly require review."
alec-main,C28,0.1µF,,Capacitor_SMD:C_0402_1005Metric,,Populate; verify ordering code,SELECT_MPN,,,,"Source candidate only; package, ratings, pin mapping, supply and assembly require review."
alec-main,C29,0.1µF,,Capacitor_SMD:C_0402_1005Metric,,Populate; verify ordering code,SELECT_MPN,,,,"Source candidate only; package, ratings, pin mapping, supply and assembly require review."
alec-main,C3,10µF,,Capacitor_SMD:C_0603_1608Metric,,Populate; verify ordering code,SELECT_MPN,,,,"Source candidate only; package, ratings, pin mapping, supply and assembly require review."
alec-main,C30,0.1µF,,Capacitor_SMD:C_0402_1005Metric,,Populate; verify ordering code,SELECT_MPN,,,,"Source candidate only; package, ratings, pin mapping, supply and assembly require review."
alec-main,C31,1µF,,Capacitor_SMD:C_0603_1608Metric,,Populate; verify ordering code,SELECT_MPN,,,,"Source candidate only; package, ratings, pin mapping, supply and assembly require review."
alec-main,C32,0.1µF,,Capacitor_SMD:C_0402_1005Metric,,Populate; verify ordering code,SELECT_MPN,,,,"Source candidate only; package, ratings, pin mapping, supply and assembly require review."
alec-main,C33,0.1µF,,Capacitor_SMD:C_0402_1005Metric,,Populate; verify ordering code,SELECT_MPN,,,,"Source candidate only; package, ratings, pin mapping, supply and assembly require review."
alec-main,C34,0.1uF,,Capacitor_SMD:C_0402_1005Metric,,Populate; verify ordering code,SELECT_MPN,,,,"Source candidate only; package, ratings, pin mapping, supply and assembly require review."
alec-main,C4,0.1µF,,Capacitor_SMD:C_0402_1005Metric,,Populate; verify ordering code,SELECT_MPN,,,,"Source candidate only; package, ratings, pin mapping, supply and assembly require review."
alec-main,C5,10µF,,Capacitor_SMD:C_0603_1608Metric,,Populate; verify ordering code,SELECT_MPN,,,,"Source candidate only; package, ratings, pin mapping, supply and assembly require review."
alec-main,C6,22µF,GRM31CR61C226KE15L,Capacitor_SMD:C_1206_3216Metric,https://search.murata.co.jp/Ceramy/image/img/A01X/G101/ENG/GRM31CR61C226KE15-01A.pdf,Populate; verify ordering code,REVIEW_CANDIDATE_MPN,,,,"Source candidate only; package, ratings, pin mapping, supply and assembly require review."
alec-main,C7,22µF,GRM31CR61C226KE15L,Capacitor_SMD:C_1206_3216Metric,https://search.murata.co.jp/Ceramy/image/img/A01X/G101/ENG/GRM31CR61C226KE15-01A.pdf,Populate; verify ordering code,REVIEW_CANDIDATE_MPN,,,,"Source candidate only; package, ratings, pin mapping, supply and assembly require review."
alec-main,C8,22µF,GRM31CR61C226KE15L,Capacitor_SMD:C_1206_3216Metric,https://search.murata.co.jp/Ceramy/image/img/A01X/G101/ENG/GRM31CR61C226KE15-01A.pdf,Populate; verify ordering code,REVIEW_CANDIDATE_MPN,,,,"Source candidate only; package, ratings, pin mapping, supply and assembly require review."
alec-main,C9,10µF,,Capacitor_SMD:C_0805_2012Metric,,Populate; verify ordering code,SELECT_MPN,,,,"Source candidate only; package, ratings, pin mapping, supply and assembly require review."
alec-main,D1,LED,,LED_SMD:LED_0603_1608Metric,,Populate; verify ordering code,SELECT_MPN,,,,"Source candidate only; package, ratings, pin mapping, supply and assembly require review."
alec-main,J1,Conn_01x02_Pin,,Connector_JST:JST_PH_B2B-PH-SM4-TB_1x02-1MP_P2.00mm_Vertical,https://www.jst-mfg.com/product/pdf/eng/ePH.pdf,Populate; verify ordering code,SELECT_MPN,,,,"Source candidate only; package, ratings, pin mapping, supply and assembly require review."
alec-main,J2,USB_C_Receptacle_USB2.0_16P,,Board:USB_C_HRO_Overhang,https://www.usb.org/sites/default/files/documents/usb_type-c.zip,Populate; verify ordering code,SELECT_MPN,,,,"Source candidate only; package, ratings, pin mapping, supply and assembly require review."
alec-main,J3,Conn_01x02_Pin,,Board:JST_PH_Speaker_Overhang,https://www.jst-mfg.com/product/pdf/eng/ePH.pdf,Populate; verify ordering code,SELECT_MPN,,,,"Source candidate only; package, ratings, pin mapping, supply and assembly require review."
alec-main,J4,Conn_01x04_Pin,,Connector_PinHeader_2.54mm:PinHeader_1x04_P2.54mm_Vertical,,Populate; verify ordering code,SELECT_MPN,,,,"Source candidate only; package, ratings, pin mapping, supply and assembly require review."
alec-main,J5,BM07B-GHS-TBT,BM07B-GHS-TBT,Connector_JST:JST_GH_BM07B-GHS-TBT_1x07-1MP_P1.25mm_Vertical,https://www.jst-mfg.com/product/pdf/eng/eGH.pdf,Populate; verify ordering code,REVIEW_CANDIDATE_MPN,,,,"Source candidate only; package, ratings, pin mapping, supply and assembly require review."
alec-main,J6,BM06B-GHS-TBT,BM06B-GHS-TBT,Connector_JST:JST_GH_BM06B-GHS-TBT_1x06-1MP_P1.25mm_Vertical,https://www.jst-mfg.com/product/pdf/eng/eGH.pdf,Populate; verify ordering code,REVIEW_CANDIDATE_MPN,,,,"Source candidate only; package, ratings, pin mapping, supply and assembly require review."
alec-main,L1,1.5µH,XFL4020-152MEC,TPS63070:IND_XFL4020-152MEC,https://www.coilcraft.com/en-us/products/power/shielded-inductors/molded-inductor/xfl/xfl4020/xfl4020-152/,Populate; verify ordering code,REVIEW_CANDIDATE_MPN,,,,"Source candidate only; package, ratings, pin mapping, supply and assembly require review."
alec-main,L2,1.5µH,XFL4020-152MEC,TPS63070:IND_XFL4020-152MEC,https://www.coilcraft.com/en-us/products/power/shielded-inductors/molded-inductor/xfl/xfl4020/xfl4020-152/,Populate; verify ordering code,REVIEW_CANDIDATE_MPN,,,,"Source candidate only; package, ratings, pin mapping, supply and assembly require review."
alec-main,Q1,AO3401A,,Package_TO_SOT_SMD:SOT-23,https://www.aosmd.com/sites/default/files/res/datasheets/AO3401A.pdf,Populate; verify ordering code,SELECT_MPN,,,,"Source candidate only; package, ratings, pin mapping, supply and assembly require review."
alec-main,Q2,AO3401A,,Package_TO_SOT_SMD:SOT-23,https://www.aosmd.com/sites/default/files/res/datasheets/AO3401A.pdf,Populate; verify ordering code,SELECT_MPN,,,,"Source candidate only; package, ratings, pin mapping, supply and assembly require review."
alec-main,Q3,MMBT3904,,Package_TO_SOT_SMD:SOT-23,https://www.onsemi.com/pdf/datasheet/mmbt3904lt1-d.pdf,Populate; verify ordering code,SELECT_MPN,,,,"Source candidate only; package, ratings, pin mapping, supply and assembly require review."
alec-main,Q4,MMBT3904,,Package_TO_SOT_SMD:SOT-23,https://www.onsemi.com/pdf/datasheet/mmbt3904lt1-d.pdf,Populate; verify ordering code,SELECT_MPN,,,,"Source candidate only; package, ratings, pin mapping, supply and assembly require review."
alec-main,Q5,MMBT3904,,Package_TO_SOT_SMD:SOT-23,https://www.onsemi.com/pdf/datasheet/mmbt3904lt1-d.pdf,Populate; verify ordering code,SELECT_MPN,,,,"Source candidate only; package, ratings, pin mapping, supply and assembly require review."
alec-main,Q6,AO3401A,,Package_TO_SOT_SMD:SOT-23,https://www.aosmd.com/sites/default/files/res/datasheets/AO3401A.pdf,Populate; verify ordering code,SELECT_MPN,,,,"Source candidate only; package, ratings, pin mapping, supply and assembly require review."
alec-main,Q7,MMBT3904,,Package_TO_SOT_SMD:SOT-23,https://www.onsemi.com/pdf/datasheet/mmbt3904lt1-d.pdf,Populate; verify ordering code,SELECT_MPN,,,,"Source candidate only; package, ratings, pin mapping, supply and assembly require review."
alec-main,R1,100kΩ,,Resistor_SMD:R_0402_1005Metric,,Populate; verify ordering code,SELECT_MPN,,,,"Source candidate only; package, ratings, pin mapping, supply and assembly require review."
alec-main,R10,100kΩ,,Resistor_SMD:R_0402_1005Metric,,Populate; verify ordering code,SELECT_MPN,,,,"Source candidate only; package, ratings, pin mapping, supply and assembly require review."
alec-main,R11,1kΩ,,Resistor_SMD:R_0402_1005Metric,,DNP,DNP,,,,Keep DNP; do not order as a fitted component.
alec-main,R12,10kΩ,,Resistor_SMD:R_0402_1005Metric,,Populate; verify ordering code,SELECT_MPN,,,,"Source candidate only; package, ratings, pin mapping, supply and assembly require review."
alec-main,R13,10kΩ,,Resistor_SMD:R_0402_1005Metric,,Populate; verify ordering code,SELECT_MPN,,,,"Source candidate only; package, ratings, pin mapping, supply and assembly require review."
alec-main,R14,5.1kΩ,,Resistor_SMD:R_0402_1005Metric,,Populate; verify ordering code,SELECT_MPN,,,,"Source candidate only; package, ratings, pin mapping, supply and assembly require review."
alec-main,R15,5.1kΩ,,Resistor_SMD:R_0402_1005Metric,,Populate; verify ordering code,SELECT_MPN,,,,"Source candidate only; package, ratings, pin mapping, supply and assembly require review."
alec-main,R16,4.7kΩ,,Resistor_SMD:R_0402_1005Metric,,Populate; verify ordering code,SELECT_MPN,,,,"Source candidate only; package, ratings, pin mapping, supply and assembly require review."
alec-main,R17,4.7kΩ,,Resistor_SMD:R_0402_1005Metric,,Populate; verify ordering code,SELECT_MPN,,,,"Source candidate only; package, ratings, pin mapping, supply and assembly require review."
alec-main,R18,10kΩ,,Resistor_SMD:R_0402_1005Metric,,Populate; verify ordering code,SELECT_MPN,,,,"Source candidate only; package, ratings, pin mapping, supply and assembly require review."
alec-main,R19,100kΩ,,Resistor_SMD:R_0402_1005Metric,,Populate; verify ordering code,SELECT_MPN,,,,"Source candidate only; package, ratings, pin mapping, supply and assembly require review."
alec-main,R20,100kΩ,,Resistor_SMD:R_0402_1005Metric,,Populate; verify ordering code,SELECT_MPN,,,,"Source candidate only; package, ratings, pin mapping, supply and assembly require review."
alec-main,R21,100kΩ,,Resistor_SMD:R_0402_1005Metric,,Populate; verify ordering code,SELECT_MPN,,,,"Source candidate only; package, ratings, pin mapping, supply and assembly require review."
alec-main,R22,10kΩ,,Resistor_SMD:R_0402_1005Metric,,Populate; verify ordering code,SELECT_MPN,,,,"Source candidate only; package, ratings, pin mapping, supply and assembly require review."
alec-main,R23,100kΩ,,Resistor_SMD:R_0402_1005Metric,,Populate; verify ordering code,SELECT_MPN,,,,"Source candidate only; package, ratings, pin mapping, supply and assembly require review."
alec-main,R24,10kΩ,,Resistor_SMD:R_0402_1005Metric,,Populate; verify ordering code,SELECT_MPN,,,,"Source candidate only; package, ratings, pin mapping, supply and assembly require review."
alec-main,R25,10kΩ,,Resistor_SMD:R_0402_1005Metric,,Populate; verify ordering code,SELECT_MPN,,,,"Source candidate only; package, ratings, pin mapping, supply and assembly require review."
alec-main,R26,10kΩ,,Resistor_SMD:R_0402_1005Metric,,Populate; verify ordering code,SELECT_MPN,,,,"Source candidate only; package, ratings, pin mapping, supply and assembly require review."
alec-main,R27,10kΩ,,Resistor_SMD:R_0402_1005Metric,,Populate; verify ordering code,SELECT_MPN,,,,"Source candidate only; package, ratings, pin mapping, supply and assembly require review."
alec-main,R28,330Ω,,Resistor_SMD:R_0402_1005Metric,,Populate; verify ordering code,SELECT_MPN,,,,"Source candidate only; package, ratings, pin mapping, supply and assembly require review."
alec-main,R29,150Ω,,Resistor_SMD:R_0402_1005Metric,,Populate; verify ordering code,SELECT_MPN,,,,"Source candidate only; package, ratings, pin mapping, supply and assembly require review."
alec-main,R3,10kΩ,,Resistor_SMD:R_0402_1005Metric,,Populate; verify ordering code,SELECT_MPN,,,,"Source candidate only; package, ratings, pin mapping, supply and assembly require review."
alec-main,R30,150Ω,,Resistor_SMD:R_0402_1005Metric,,Populate; verify ordering code,SELECT_MPN,,,,"Source candidate only; package, ratings, pin mapping, supply and assembly require review."
alec-main,R31,10kΩ,,Resistor_SMD:R_0402_1005Metric,,Populate; verify ordering code,SELECT_MPN,,,,"Source candidate only; package, ratings, pin mapping, supply and assembly require review."
alec-main,R32,100kΩ,,Resistor_SMD:R_0402_1005Metric,,Populate; verify ordering code,SELECT_MPN,,,,"Source candidate only; package, ratings, pin mapping, supply and assembly require review."
alec-main,R33,10kΩ,,Resistor_SMD:R_0402_1005Metric,,Populate; verify ordering code,SELECT_MPN,,,,"Source candidate only; package, ratings, pin mapping, supply and assembly require review."
alec-main,R34,22Ω,,Resistor_SMD:R_0402_1005Metric,,Populate; verify ordering code,SELECT_MPN,,,,"Source candidate only; package, ratings, pin mapping, supply and assembly require review."
alec-main,R35,22Ω,,Resistor_SMD:R_0402_1005Metric,,Populate; verify ordering code,SELECT_MPN,,,,"Source candidate only; package, ratings, pin mapping, supply and assembly require review."
alec-main,R36,100kΩ,,Resistor_SMD:R_0402_1005Metric,,Populate; verify ordering code,SELECT_MPN,,,,"Source candidate only; package, ratings, pin mapping, supply and assembly require review."
alec-main,R37,4.7kΩ,,Resistor_SMD:R_0402_1005Metric,,Populate; verify ordering code,SELECT_MPN,,,,"Source candidate only; package, ratings, pin mapping, supply and assembly require review."
alec-main,R38,4.7kΩ,,Resistor_SMD:R_0402_1005Metric,,Populate; verify ordering code,SELECT_MPN,,,,"Source candidate only; package, ratings, pin mapping, supply and assembly require review."
alec-main,R39,100kΩ,,Resistor_SMD:R_0402_1005Metric,,Populate; verify ordering code,SELECT_MPN,,,,"Source candidate only; package, ratings, pin mapping, supply and assembly require review."
alec-main,R4,470kΩ,,Resistor_SMD:R_0402_1005Metric,,Populate; verify ordering code,SELECT_MPN,,,,"Source candidate only; package, ratings, pin mapping, supply and assembly require review."
alec-main,R40,100k,,Resistor_SMD:R_0402_1005Metric,,Populate; verify ordering code,SELECT_MPN,,,,"Source candidate only; package, ratings, pin mapping, supply and assembly require review."
alec-main,R41,1M,,Resistor_SMD:R_0402_1005Metric,,Populate; verify ordering code,SELECT_MPN,,,,"Source candidate only; package, ratings, pin mapping, supply and assembly require review."
alec-main,R42,47k,,Resistor_SMD:R_0402_1005Metric,,Populate; verify ordering code,SELECT_MPN,,,,"Source candidate only; package, ratings, pin mapping, supply and assembly require review."
alec-main,R43,10k,,Resistor_SMD:R_0402_1005Metric,,Populate; verify ordering code,SELECT_MPN,,,,"Source candidate only; package, ratings, pin mapping, supply and assembly require review."
alec-main,R44,47k,,Resistor_SMD:R_0402_1005Metric,,Populate; verify ordering code,SELECT_MPN,,,,"Source candidate only; package, ratings, pin mapping, supply and assembly require review."
alec-main,R45,100k,,Resistor_SMD:R_0402_1005Metric,,Populate; verify ordering code,SELECT_MPN,,,,"Source candidate only; package, ratings, pin mapping, supply and assembly require review."
alec-main,R46,10k,,Resistor_SMD:R_0402_1005Metric,,Populate; verify ordering code,SELECT_MPN,,,,"Source candidate only; package, ratings, pin mapping, supply and assembly require review."
alec-main,R47,100k,,Resistor_SMD:R_0402_1005Metric,,Populate; verify ordering code,SELECT_MPN,,,,"Source candidate only; package, ratings, pin mapping, supply and assembly require review."
alec-main,R48,33k,RT0402BRD0733KL,Resistor_SMD:R_0402_1005Metric,,Populate; verify ordering code,REVIEW_CANDIDATE_MPN,,,,"Source candidate only; package, ratings, pin mapping, supply and assembly require review."
alec-main,R49,10k,RT0402BRD0710KL,Resistor_SMD:R_0402_1005Metric,,Populate; verify ordering code,REVIEW_CANDIDATE_MPN,,,,"Source candidate only; package, ratings, pin mapping, supply and assembly require review."
alec-main,R5,150kΩ,,Resistor_SMD:R_0402_1005Metric,,Populate; verify ordering code,SELECT_MPN,,,,"Source candidate only; package, ratings, pin mapping, supply and assembly require review."
alec-main,R50,100Ω,RC0402FR-07100RL,Resistor_SMD:R_0402_1005Metric,https://www.yageo.com/upload/media/product/productsearch/datasheet/rchip/pyu-rc-group_51_rohs_l.pdf,Populate; verify ordering code,REVIEW_CANDIDATE_MPN,,,,"Source candidate only; package, ratings, pin mapping, supply and assembly require review."
alec-main,R51,100Ω,RC0402FR-07100RL,Resistor_SMD:R_0402_1005Metric,https://www.yageo.com/upload/media/product/productsearch/datasheet/rchip/pyu-rc-group_51_rohs_l.pdf,Populate; verify ordering code,REVIEW_CANDIDATE_MPN,,,,"Source candidate only; package, ratings, pin mapping, supply and assembly require review."
alec-main,R52,100Ω,RC0402FR-07100RL,Resistor_SMD:R_0402_1005Metric,https://www.yageo.com/upload/media/product/productsearch/datasheet/rchip/pyu-rc-group_51_rohs_l.pdf,Populate; verify ordering code,REVIEW_CANDIDATE_MPN,,,,"Source candidate only; package, ratings, pin mapping, supply and assembly require review."
alec-main,R53,100Ω,RC0402FR-07100RL,Resistor_SMD:R_0402_1005Metric,https://www.yageo.com/upload/media/product/productsearch/datasheet/rchip/pyu-rc-group_51_rohs_l.pdf,Populate; verify ordering code,REVIEW_CANDIDATE_MPN,,,,"Source candidate only; package, ratings, pin mapping, supply and assembly require review."
alec-main,R6,100kΩ,,Resistor_SMD:R_0402_1005Metric,,Populate; verify ordering code,SELECT_MPN,,,,"Source candidate only; package, ratings, pin mapping, supply and assembly require review."
alec-main,R7,10kΩ,,Resistor_SMD:R_0402_1005Metric,,Populate; verify ordering code,SELECT_MPN,,,,"Source candidate only; package, ratings, pin mapping, supply and assembly require review."
alec-main,R8,680kΩ,,Resistor_SMD:R_0402_1005Metric,,Populate; verify ordering code,SELECT_MPN,,,,"Source candidate only; package, ratings, pin mapping, supply and assembly require review."
alec-main,R9,130kΩ,,Resistor_SMD:R_0402_1005Metric,,Populate; verify ordering code,SELECT_MPN,,,,"Source candidate only; package, ratings, pin mapping, supply and assembly require review."
alec-main,SW2,RESET,,Button_Switch_SMD:SW_Push_1P1T_XKB_TS-1187A,,Populate; verify ordering code,SELECT_MPN,,,,"Source candidate only; package, ratings, pin mapping, supply and assembly require review."
alec-main,SW3,BOOT,,Button_Switch_SMD:SW_Push_1P1T_XKB_TS-1187A,,Populate; verify ordering code,SELECT_MPN,,,,"Source candidate only; package, ratings, pin mapping, supply and assembly require review."
alec-main,U1,TPS63070RNMR,,TPS63070:TPS63070,https://www.ti.com/lit/gpn/tps63070,Populate; verify ordering code,SELECT_MPN,,,,"Source candidate only; package, ratings, pin mapping, supply and assembly require review."
alec-main,U2,TPS63070RNMR,,TPS63070:TPS63070,https://www.ti.com/lit/gpn/tps63070,Populate; verify ordering code,SELECT_MPN,,,,"Source candidate only; package, ratings, pin mapping, supply and assembly require review."
alec-main,U3,ESP32-S3-WROOM-1-N16,,Board:ESP32-S3-WROOM-1_Overhang,https://www.espressif.com/sites/default/files/documentation/esp32-s3-wroom-1_wroom-1u_datasheet_en.pdf,Populate; verify ordering code,SELECT_MPN,,,,"Source candidate only; package, ratings, pin mapping, supply and assembly require review."
alec-main,U4,USBLC6-2SC6,,Package_TO_SOT_SMD:SOT-23-6,https://www.st.com/resource/en/datasheet/usblc6-2.pdf,Populate; verify ordering code,SELECT_MPN,,,,"Source candidate only; package, ratings, pin mapping, supply and assembly require review."
alec-main,U5,RV-3028-C7,,Package_SON:MicroCrystal_C7_SON-8_1.5x3.2mm_P0.9mm,https://www.microcrystal.com/fileadmin/Media/Products/RTC/Datasheet/RV-3028-C7.pdf,Populate; verify ordering code,SELECT_MPN,,,,"Source candidate only; package, ratings, pin mapping, supply and assembly require review."
alec-main,U6,MAX98357A,,Package_DFN_QFN:TQFN-16-1EP_3x3mm_P0.5mm_EP1.23x1.23mm,https://www.analog.com/media/en/technical-documentation/data-sheets/MAX98357A-MAX98357B.pdf,Populate; verify ordering code,SELECT_MPN,,,,"Source candidate only; package, ratings, pin mapping, supply and assembly require review."
alec-main,U7,SN74LVC2G66DCUR,,Package_SO:VSSOP-8_2.3x2mm_P0.5mm,https://www.ti.com/lit/ds/symlink/sn74lvc2g66.pdf,Populate; verify ordering code,SELECT_MPN,,,,"Source candidate only; package, ratings, pin mapping, supply and assembly require review."
alec-main,U8,SN74LVC1T45DBVR,,Package_TO_SOT_SMD:SOT-23-6,https://www.ti.com/lit/ds/symlink/sn74lvc1t45.pdf,Populate; verify ordering code,SELECT_MPN,,,,"Source candidate only; package, ratings, pin mapping, supply and assembly require review."
alec-controls,J1,BM07B-GHS-TBT,BM07B-GHS-TBT,Connector_JST:JST_GH_BM07B-GHS-TBT_1x07-1MP_P1.25mm_Vertical,https://www.jst-mfg.com/product/pdf/eng/eGH.pdf,Populate; verify ordering code,REVIEW_CANDIDATE_MPN,,,,"Source candidate only; package, ratings, pin mapping, supply and assembly require review."
alec-controls,SW1,VOL-,B3F-1060,Button_Switch_THT:SW_TH_Tactile_Omron_B3F-106x,https://omronfs.omron.com/en_US/ecb/products/pdf/en-b3f.pdf,Populate; verify ordering code,REVIEW_CANDIDATE_MPN,,,,"Source candidate only; package, ratings, pin mapping, supply and assembly require review."
alec-controls,SW2,MODE,B3F-1060,Button_Switch_THT:SW_TH_Tactile_Omron_B3F-106x,https://omronfs.omron.com/en_US/ecb/products/pdf/en-b3f.pdf,Populate; verify ordering code,REVIEW_CANDIDATE_MPN,,,,"Source candidate only; package, ratings, pin mapping, supply and assembly require review."
alec-controls,SW3,VOL+,B3F-1060,Button_Switch_THT:SW_TH_Tactile_Omron_B3F-106x,https://omronfs.omron.com/en_US/ecb/products/pdf/en-b3f.pdf,Populate; verify ordering code,REVIEW_CANDIDATE_MPN,,,,"Source candidate only; package, ratings, pin mapping, supply and assembly require review."
alec-controls,SW4,EG1218,EG1218,Alarm:EG1218,https://configured-product-images.s3.amazonaws.com/2D/specs/EG1218.pdf,Populate; verify ordering code,REVIEW_CANDIDATE_MPN,,,,"Source candidate only; package, ratings, pin mapping, supply and assembly require review."
alec-front,D1,150141M173100,150141M173100,LED_SMD:LED_RGB_Wuerth-PLCC4_3.2x2.8mm_150141M173100,https://www.we-online.com/components/products/datasheet/150141M173100.pdf,Populate; verify ordering code,REVIEW_CANDIDATE_MPN,,,,"Source candidate only; package, ratings, pin mapping, supply and assembly require review."
alec-front,J1,BM06B-GHS-TBT,BM06B-GHS-TBT,Connector_JST:JST_GH_BM06B-GHS-TBT_1x06-1MP_P1.25mm_Vertical,https://www.jst-mfg.com/product/pdf/eng/eGH.pdf,Populate; verify ordering code,REVIEW_CANDIDATE_MPN,,,,"Source candidate only; package, ratings, pin mapping, supply and assembly require review."
alec-front,SW1,BATTERY,B3U-1000P,Button_Switch_SMD:SW_SPST_B3U-1000P,https://omronfs.omron.com/en_US/ecb/products/pdf/en-b3u.pdf,Populate; verify ordering code,REVIEW_CANDIDATE_MPN,,,,"Source candidate only; package, ratings, pin mapping, supply and assembly require review."
alec-sensor,C1,10µF,GRM21BR61E106KA73L,Capacitor_SMD:C_0805_2012Metric,https://www.farnell.com/datasheets/1747469.pdf,Prototype candidate; availability and DC-bias/assembly review required,REVIEW_CANDIDATE_MPN,,,,"Source candidate only; package, ratings, pin mapping, supply and assembly require review."
alec-sensor,C2,10µF,GRM21BR61E106KA73L,Capacitor_SMD:C_0805_2012Metric,https://www.farnell.com/datasheets/1747469.pdf,Prototype candidate; availability and DC-bias/assembly review required,REVIEW_CANDIDATE_MPN,,,,"Source candidate only; package, ratings, pin mapping, supply and assembly require review."
alec-sensor,C3,10µF,GRM188R61A106KAALD,Capacitor_SMD:C_0603_1608Metric,https://datasheet.octopart.com/GRM188R61A106KAALD-Murata-datasheet-138742814.pdf,Prototype candidate; availability and DC-bias/assembly review required,REVIEW_CANDIDATE_MPN,,,,"Source candidate only; package, ratings, pin mapping, supply and assembly require review."
alec-sensor,C4,0.1µF,GRM155R71C104KA88D,Capacitor_SMD:C_0402_1005Metric,https://search.murata.co.jp/Ceramy/image/img/A01X/G101/ENG/GRM155R71C104KA88-01A.pdf,Prototype candidate; availability and DC-bias/assembly review required,REVIEW_CANDIDATE_MPN,,,,"Source candidate only; package, ratings, pin mapping, supply and assembly require review."
alec-sensor,C5,10µF,GRM188R61A106KAALD,Capacitor_SMD:C_0603_1608Metric,https://datasheet.octopart.com/GRM188R61A106KAALD-Murata-datasheet-138742814.pdf,Prototype candidate; availability and DC-bias/assembly review required,REVIEW_CANDIDATE_MPN,,,,"Source candidate only; package, ratings, pin mapping, supply and assembly require review."
alec-sensor,C6,22µF,GRM31CR61C226KE15L,Capacitor_SMD:C_1206_3216Metric,https://search.murata.co.jp/Ceramy/image/img/A01X/G101/ENG/GRM31CR61C226KE15-01A.pdf,Prototype candidate; availability and DC-bias/assembly review required,REVIEW_CANDIDATE_MPN,,,,"Source candidate only; package, ratings, pin mapping, supply and assembly require review."
alec-sensor,C7,22µF,GRM31CR61C226KE15L,Capacitor_SMD:C_1206_3216Metric,https://search.murata.co.jp/Ceramy/image/img/A01X/G101/ENG/GRM31CR61C226KE15-01A.pdf,Prototype candidate; availability and DC-bias/assembly review required,REVIEW_CANDIDATE_MPN,,,,"Source candidate only; package, ratings, pin mapping, supply and assembly require review."
alec-sensor,C8,22µF,GRM31CR61C226KE15L,Capacitor_SMD:C_1206_3216Metric,https://search.murata.co.jp/Ceramy/image/img/A01X/G101/ENG/GRM31CR61C226KE15-01A.pdf,Prototype candidate; availability and DC-bias/assembly review required,REVIEW_CANDIDATE_MPN,,,,"Source candidate only; package, ratings, pin mapping, supply and assembly require review."
alec-sensor,C9,10µF,GRM21BR61E106KA73L,Capacitor_SMD:C_0805_2012Metric,https://www.farnell.com/datasheets/1747469.pdf,Prototype candidate; availability and DC-bias/assembly review required,REVIEW_CANDIDATE_MPN,,,,"Source candidate only; package, ratings, pin mapping, supply and assembly require review."
alec-sensor,C10,10µF,GRM21BR61E106KA73L,Capacitor_SMD:C_0805_2012Metric,https://www.farnell.com/datasheets/1747469.pdf,Prototype candidate; availability and DC-bias/assembly review required,REVIEW_CANDIDATE_MPN,,,,"Source candidate only; package, ratings, pin mapping, supply and assembly require review."
alec-sensor,C11,10µF,GRM188R61A106KAALD,Capacitor_SMD:C_0603_1608Metric,https://datasheet.octopart.com/GRM188R61A106KAALD-Murata-datasheet-138742814.pdf,Prototype candidate; availability and DC-bias/assembly review required,REVIEW_CANDIDATE_MPN,,,,"Source candidate only; package, ratings, pin mapping, supply and assembly require review."
alec-sensor,C12,0.1µF,GRM155R71C104KA88D,Capacitor_SMD:C_0402_1005Metric,https://search.murata.co.jp/Ceramy/image/img/A01X/G101/ENG/GRM155R71C104KA88-01A.pdf,Prototype candidate; availability and DC-bias/assembly review required,REVIEW_CANDIDATE_MPN,,,,"Source candidate only; package, ratings, pin mapping, supply and assembly require review."
alec-sensor,C13,10µF,GRM188R61A106KAALD,Capacitor_SMD:C_0603_1608Metric,https://datasheet.octopart.com/GRM188R61A106KAALD-Murata-datasheet-138742814.pdf,Prototype candidate; availability and DC-bias/assembly review required,REVIEW_CANDIDATE_MPN,,,,"Source candidate only; package, ratings, pin mapping, supply and assembly require review."
alec-sensor,C14,22µF,GRM31CR61C226KE15L,Capacitor_SMD:C_1206_3216Metric,https://search.murata.co.jp/Ceramy/image/img/A01X/G101/ENG/GRM31CR61C226KE15-01A.pdf,Prototype candidate; availability and DC-bias/assembly review required,REVIEW_CANDIDATE_MPN,,,,"Source candidate only; package, ratings, pin mapping, supply and assembly require review."
alec-sensor,C15,22µF,GRM31CR61C226KE15L,Capacitor_SMD:C_1206_3216Metric,https://search.murata.co.jp/Ceramy/image/img/A01X/G101/ENG/GRM31CR61C226KE15-01A.pdf,Prototype candidate; availability and DC-bias/assembly review required,REVIEW_CANDIDATE_MPN,,,,"Source candidate only; package, ratings, pin mapping, supply and assembly require review."
alec-sensor,C16,22µF,GRM31CR61C226KE15L,Capacitor_SMD:C_1206_3216Metric,https://search.murata.co.jp/Ceramy/image/img/A01X/G101/ENG/GRM31CR61C226KE15-01A.pdf,Prototype candidate; availability and DC-bias/assembly review required,REVIEW_CANDIDATE_MPN,,,,"Source candidate only; package, ratings, pin mapping, supply and assembly require review."
alec-sensor,C17,22µF,GRM21BR61A226ME44L,Capacitor_SMD:C_0805_2012Metric,https://search.murata.co.jp/Ceramy/image/img/A01X/G101/ENG/GRM21BR61A226ME44-01A.pdf,Prototype candidate; availability and DC-bias/assembly review required,REVIEW_CANDIDATE_MPN,,,,"Source candidate only; package, ratings, pin mapping, supply and assembly require review."
alec-sensor,C18,0.1µF,GRM155R71C104KA88D,Capacitor_SMD:C_0402_1005Metric,https://search.murata.co.jp/Ceramy/image/img/A01X/G101/ENG/GRM155R71C104KA88-01A.pdf,Prototype candidate; availability and DC-bias/assembly review required,REVIEW_CANDIDATE_MPN,,,,"Source candidate only; package, ratings, pin mapping, supply and assembly require review."
alec-sensor,C19,1µF,GRM155R61A105KE15D,Capacitor_SMD:C_0402_1005Metric,https://www.murata.com/en-us/products/productdetail?partno=GRM155R61A105KE15D,Prototype candidate; availability and DC-bias/assembly review required,REVIEW_CANDIDATE_MPN,,,,"Source candidate only; package, ratings, pin mapping, supply and assembly require review."
alec-sensor,C20,0.1µF,GRM155R71C104KA88D,Capacitor_SMD:C_0402_1005Metric,https://search.murata.co.jp/Ceramy/image/img/A01X/G101/ENG/GRM155R71C104KA88-01A.pdf,Prototype candidate; availability and DC-bias/assembly review required,REVIEW_CANDIDATE_MPN,,,,"Source candidate only; package, ratings, pin mapping, supply and assembly require review."
alec-sensor,C21,100µF,CL31A107MQHNNNE,Capacitor_SMD:C_1206_3216Metric,https://product.samsungsem.com/mlcc/CL31A107MQHNNN.do,Prototype candidate; availability and DC-bias/assembly review required,REVIEW_CANDIDATE_MPN,,,,"Source candidate only; package, ratings, pin mapping, supply and assembly require review."
alec-sensor,C25,0.1µF,GRM155R71C104KA88D,Capacitor_SMD:C_0402_1005Metric,https://search.murata.co.jp/Ceramy/image/img/A01X/G101/ENG/GRM155R71C104KA88-01A.pdf,Prototype candidate; availability and DC-bias/assembly review required,REVIEW_CANDIDATE_MPN,,,,"Source candidate only; package, ratings, pin mapping, supply and assembly require review."
alec-sensor,C29,0.1µF,GRM155R71C104KA88D,Capacitor_SMD:C_0402_1005Metric,https://search.murata.co.jp/Ceramy/image/img/A01X/G101/ENG/GRM155R71C104KA88-01A.pdf,Prototype candidate; availability and DC-bias/assembly review required,REVIEW_CANDIDATE_MPN,,,,"Source candidate only; package, ratings, pin mapping, supply and assembly require review."
alec-sensor,D2,150141M173100,150141M173100,LED_SMD:LED_RGB_Wuerth-PLCC4_3.2x2.8mm_150141M173100,https://www.we-online.com/components/products/datasheet/150141M173100.pdf,Prototype candidate; availability and DC-bias/assembly review required,REVIEW_CANDIDATE_MPN,,,,"Source candidate only; package, ratings, pin mapping, supply and assembly require review."
alec-sensor,F1,1.5A FAST,046701.5NRHF,Fuse:Fuse_0603_1608Metric,https://www.littelfuse.com/assetdocs/fuse-467-datasheet?assetguid=4a59f034-1cca-460e-a5ba-e1e66247c76d,Prototype candidate; availability and DC-bias/assembly review required,REVIEW_CANDIDATE_MPN,,,,"Source candidate only; package, ratings, pin mapping, supply and assembly require review."
alec-sensor,J1,Conn_01x02_Pin,B2B-PH-SM4-TB(LF)(SN),Connector_JST:JST_PH_B2B-PH-SM4-TB_1x02-1MP_P2.00mm_Vertical,https://www.jst-mfg.com/product/pdf/eng/ePH.pdf,Prototype candidate; availability and DC-bias/assembly review required,REVIEW_CANDIDATE_MPN,,,,"Source candidate only; package, ratings, pin mapping, supply and assembly require review."
alec-sensor,J2,USB_C_Receptacle_USB2.0_16P,TYPE-C-31-M-12,Board:USB_C_HRO_Overhang,https://www.lcsc.com/datasheet/C165948.pdf,Prototype candidate; availability and DC-bias/assembly review required,REVIEW_CANDIDATE_MPN,,,,"Source candidate only; package, ratings, pin mapping, supply and assembly require review."
alec-sensor,L1,1.5µH,XFL4020-152MEC,TPS63070:IND_XFL4020-152MEC,https://www.coilcraft.com/en-us/products/power/shielded-inductors/molded-inductor/xfl/xfl4020/xfl4020-152/,Prototype candidate; availability and DC-bias/assembly review required,REVIEW_CANDIDATE_MPN,,,,"Source candidate only; package, ratings, pin mapping, supply and assembly require review."
alec-sensor,L2,1.5µH,XFL4020-152MEC,TPS63070:IND_XFL4020-152MEC,https://www.coilcraft.com/en-us/products/power/shielded-inductors/molded-inductor/xfl/xfl4020/xfl4020-152/,Prototype candidate; availability and DC-bias/assembly review required,REVIEW_CANDIDATE_MPN,,,,"Source candidate only; package, ratings, pin mapping, supply and assembly require review."
alec-sensor,Q1,AO3401A,AO3401A,Package_TO_SOT_SMD:SOT-23,https://www.aosmd.com/sites/default/files/res/datasheets/AO3401A.pdf,Prototype candidate; availability and DC-bias/assembly review required,REVIEW_CANDIDATE_MPN,,,,"Source candidate only; package, ratings, pin mapping, supply and assembly require review."
alec-sensor,R1,100kΩ,RC0402FR-07100KL,Resistor_SMD:R_0402_1005Metric,https://www.yageo.com/en/Product/Index/rchip/rc,Prototype candidate; availability and DC-bias/assembly review required,REVIEW_CANDIDATE_MPN,,,,"Source candidate only; package, ratings, pin mapping, supply and assembly require review."
alec-sensor,R3,10kΩ,RC0402FR-0710KL,Resistor_SMD:R_0402_1005Metric,https://www.yageo.com/en/Product/Index/rchip/rc,Prototype candidate; availability and DC-bias/assembly review required,REVIEW_CANDIDATE_MPN,,,,"Source candidate only; package, ratings, pin mapping, supply and assembly require review."
alec-sensor,R4,470kΩ,RC0402FR-07470KL,Resistor_SMD:R_0402_1005Metric,https://www.yageo.com/en/Product/Index/rchip/rc,Prototype candidate; availability and DC-bias/assembly review required,REVIEW_CANDIDATE_MPN,,,,"Source candidate only; package, ratings, pin mapping, supply and assembly require review."
alec-sensor,R5,150kΩ,RC0402FR-07150KL,Resistor_SMD:R_0402_1005Metric,https://www.yageo.com/en/Product/Index/rchip/rc,Prototype candidate; availability and DC-bias/assembly review required,REVIEW_CANDIDATE_MPN,,,,"Source candidate only; package, ratings, pin mapping, supply and assembly require review."
alec-sensor,R6,100kΩ,RC0402FR-07100KL,Resistor_SMD:R_0402_1005Metric,https://www.yageo.com/en/Product/Index/rchip/rc,Prototype candidate; availability and DC-bias/assembly review required,REVIEW_CANDIDATE_MPN,,,,"Source candidate only; package, ratings, pin mapping, supply and assembly require review."
alec-sensor,R7,10kΩ,RC0402FR-0710KL,Resistor_SMD:R_0402_1005Metric,https://www.yageo.com/en/Product/Index/rchip/rc,Prototype candidate; availability and DC-bias/assembly review required,REVIEW_CANDIDATE_MPN,,,,"Source candidate only; package, ratings, pin mapping, supply and assembly require review."
alec-sensor,R8,680kΩ,RC0402FR-07680KL,Resistor_SMD:R_0402_1005Metric,https://www.yageo.com/en/Product/Index/rchip/rc,Prototype candidate; availability and DC-bias/assembly review required,REVIEW_CANDIDATE_MPN,,,,"Source candidate only; package, ratings, pin mapping, supply and assembly require review."
alec-sensor,R9,130kΩ,RC0402FR-07130KL,Resistor_SMD:R_0402_1005Metric,https://www.yageo.com/en/Product/Index/rchip/rc,Prototype candidate; availability and DC-bias/assembly review required,REVIEW_CANDIDATE_MPN,,,,"Source candidate only; package, ratings, pin mapping, supply and assembly require review."
alec-sensor,R10,100kΩ,RC0402FR-07100KL,Resistor_SMD:R_0402_1005Metric,https://www.yageo.com/en/Product/Index/rchip/rc,Prototype candidate; availability and DC-bias/assembly review required,REVIEW_CANDIDATE_MPN,,,,"Source candidate only; package, ratings, pin mapping, supply and assembly require review."
alec-sensor,R12,10kΩ,RC0402FR-0710KL,Resistor_SMD:R_0402_1005Metric,https://www.yageo.com/en/Product/Index/rchip/rc,Prototype candidate; availability and DC-bias/assembly review required,REVIEW_CANDIDATE_MPN,,,,"Source candidate only; package, ratings, pin mapping, supply and assembly require review."
alec-sensor,R13,10kΩ,RC0402FR-0710KL,Resistor_SMD:R_0402_1005Metric,https://www.yageo.com/en/Product/Index/rchip/rc,Prototype candidate; availability and DC-bias/assembly review required,REVIEW_CANDIDATE_MPN,,,,"Source candidate only; package, ratings, pin mapping, supply and assembly require review."
alec-sensor,R14,5.1kΩ,RC0402FR-075K1L,Resistor_SMD:R_0402_1005Metric,https://www.yageo.com/en/Product/Index/rchip/rc,Prototype candidate; availability and DC-bias/assembly review required,REVIEW_CANDIDATE_MPN,,,,"Source candidate only; package, ratings, pin mapping, supply and assembly require review."
alec-sensor,R15,5.1kΩ,RC0402FR-075K1L,Resistor_SMD:R_0402_1005Metric,https://www.yageo.com/en/Product/Index/rchip/rc,Prototype candidate; availability and DC-bias/assembly review required,REVIEW_CANDIDATE_MPN,,,,"Source candidate only; package, ratings, pin mapping, supply and assembly require review."
alec-sensor,R16,4.7kΩ,RC0402FR-074K7L,Resistor_SMD:R_0402_1005Metric,https://www.yageo.com/en/Product/Index/rchip/rc,Prototype candidate; availability and DC-bias/assembly review required,REVIEW_CANDIDATE_MPN,,,,"Source candidate only; package, ratings, pin mapping, supply and assembly require review."
alec-sensor,R17,4.7kΩ,RC0402FR-074K7L,Resistor_SMD:R_0402_1005Metric,https://www.yageo.com/en/Product/Index/rchip/rc,Prototype candidate; availability and DC-bias/assembly review required,REVIEW_CANDIDATE_MPN,,,,"Source candidate only; package, ratings, pin mapping, supply and assembly require review."
alec-sensor,R18,10kΩ,RC0402FR-0710KL,Resistor_SMD:R_0402_1005Metric,https://www.yageo.com/en/Product/Index/rchip/rc,Prototype candidate; availability and DC-bias/assembly review required,REVIEW_CANDIDATE_MPN,,,,"Source candidate only; package, ratings, pin mapping, supply and assembly require review."
alec-sensor,R19,100kΩ,RC0402FR-07100KL,Resistor_SMD:R_0402_1005Metric,https://www.yageo.com/en/Product/Index/rchip/rc,Prototype candidate; availability and DC-bias/assembly review required,REVIEW_CANDIDATE_MPN,,,,"Source candidate only; package, ratings, pin mapping, supply and assembly require review."
alec-sensor,R27,10kΩ,RC0402FR-0710KL,Resistor_SMD:R_0402_1005Metric,https://www.yageo.com/en/Product/Index/rchip/rc,Prototype candidate; availability and DC-bias/assembly review required,REVIEW_CANDIDATE_MPN,,,,"Source candidate only; package, ratings, pin mapping, supply and assembly require review."
alec-sensor,R28,330Ω,RC0402FR-07330RL,Resistor_SMD:R_0402_1005Metric,https://www.yageo.com/en/Product/Index/rchip/rc,Prototype candidate; availability and DC-bias/assembly review required,REVIEW_CANDIDATE_MPN,,,,"Source candidate only; package, ratings, pin mapping, supply and assembly require review."
alec-sensor,R29,150Ω,RC0402FR-07150RL,Resistor_SMD:R_0402_1005Metric,https://www.yageo.com/en/Product/Index/rchip/rc,Prototype candidate; availability and DC-bias/assembly review required,REVIEW_CANDIDATE_MPN,,,,"Source candidate only; package, ratings, pin mapping, supply and assembly require review."
alec-sensor,R30,150Ω,RC0402FR-07150RL,Resistor_SMD:R_0402_1005Metric,https://www.yageo.com/en/Product/Index/rchip/rc,Prototype candidate; availability and DC-bias/assembly review required,REVIEW_CANDIDATE_MPN,,,,"Source candidate only; package, ratings, pin mapping, supply and assembly require review."
alec-sensor,R31,10kΩ,RC0402FR-0710KL,Resistor_SMD:R_0402_1005Metric,https://www.yageo.com/en/Product/Index/rchip/rc,Prototype candidate; availability and DC-bias/assembly review required,REVIEW_CANDIDATE_MPN,,,,"Source candidate only; package, ratings, pin mapping, supply and assembly require review."
alec-sensor,R32,100kΩ,RC0402FR-07100KL,Resistor_SMD:R_0402_1005Metric,https://www.yageo.com/en/Product/Index/rchip/rc,Prototype candidate; availability and DC-bias/assembly review required,REVIEW_CANDIDATE_MPN,,,,"Source candidate only; package, ratings, pin mapping, supply and assembly require review."
alec-sensor,R33,10kΩ,RC0402FR-0710KL,Resistor_SMD:R_0402_1005Metric,https://www.yageo.com/en/Product/Index/rchip/rc,Prototype candidate; availability and DC-bias/assembly review required,REVIEW_CANDIDATE_MPN,,,,"Source candidate only; package, ratings, pin mapping, supply and assembly require review."
alec-sensor,R34,22Ω,RC0402FR-0722RL,Resistor_SMD:R_0402_1005Metric,https://www.yageo.com/en/Product/Index/rchip/rc,Prototype candidate; availability and DC-bias/assembly review required,REVIEW_CANDIDATE_MPN,,,,"Source candidate only; package, ratings, pin mapping, supply and assembly require review."
alec-sensor,R35,22Ω,RC0402FR-0722RL,Resistor_SMD:R_0402_1005Metric,https://www.yageo.com/en/Product/Index/rchip/rc,Prototype candidate; availability and DC-bias/assembly review required,REVIEW_CANDIDATE_MPN,,,,"Source candidate only; package, ratings, pin mapping, supply and assembly require review."
alec-sensor,SW1,1101M2S3CQE2,1101M2S3CQE2,Sensor:SW_CK_1101M2S3CQE2,https://www.littelfuse.com/assetdocs/littelfuse-c-k-slide-1000-series-datasheet?assetguid=68a2b41e-19a4-4cf4-821b-aca78a430f00,Prototype candidate; availability and DC-bias/assembly review required,REVIEW_CANDIDATE_MPN,,,,"Source candidate only; package, ratings, pin mapping, supply and assembly require review."
alec-sensor,SW2,RESET,TS-1187A-B-A-B,Button_Switch_SMD:SW_Push_1P1T_XKB_TS-1187A,https://www.helloxkb.com/Home/Goods/goodsInfoxq/id/1913,Prototype candidate; availability and DC-bias/assembly review required,REVIEW_CANDIDATE_MPN,,,,"Source candidate only; package, ratings, pin mapping, supply and assembly require review."
alec-sensor,SW3,BOOT,TS-1187A-B-A-B,Button_Switch_SMD:SW_Push_1P1T_XKB_TS-1187A,https://www.helloxkb.com/Home/Goods/goodsInfoxq/id/1913,Prototype candidate; availability and DC-bias/assembly review required,REVIEW_CANDIDATE_MPN,,,,"Source candidate only; package, ratings, pin mapping, supply and assembly require review."
alec-sensor,SW7,BATTERY / PAIR,TS-1187A-B-A-B,Button_Switch_SMD:SW_Push_1P1T_XKB_TS-1187A,https://www.helloxkb.com/Home/Goods/goodsInfoxq/id/1913,Prototype candidate; availability and DC-bias/assembly review required,REVIEW_CANDIDATE_MPN,,,,"Source candidate only; package, ratings, pin mapping, supply and assembly require review."
alec-sensor,U1,TPS63070RNMR,TPS63070RNMR,TPS63070:TPS63070,https://www.ti.com/lit/gpn/tps63070,Prototype candidate; availability and DC-bias/assembly review required,REVIEW_CANDIDATE_MPN,,,,"Source candidate only; package, ratings, pin mapping, supply and assembly require review."
alec-sensor,U2,TPS63070RNMR,TPS63070RNMR,TPS63070:TPS63070,https://www.ti.com/lit/gpn/tps63070,Prototype candidate; availability and DC-bias/assembly review required,REVIEW_CANDIDATE_MPN,,,,"Source candidate only; package, ratings, pin mapping, supply and assembly require review."
alec-sensor,U3,ESP32-S3-WROOM-1-N16,ESP32-S3-WROOM-1-N16,Board:ESP32-S3-WROOM-1_Overhang,https://www.espressif.com/sites/default/files/documentation/esp32-s3-wroom-1_wroom-1u_datasheet_en.pdf,Prototype candidate; availability and DC-bias/assembly review required,REVIEW_CANDIDATE_MPN,,,,"Source candidate only; package, ratings, pin mapping, supply and assembly require review."
alec-sensor,U4,USBLC6-2SC6,USBLC6-2SC6,Package_TO_SOT_SMD:SOT-23-6,https://www.st.com/resource/en/datasheet/usblc6-2.pdf,Prototype candidate; availability and DC-bias/assembly review required,REVIEW_CANDIDATE_MPN,,,,"Source candidate only; package, ratings, pin mapping, supply and assembly require review."
alec-sensor,U5,RV-3028-C7,RV-3028-C7,Package_SON:MicroCrystal_C7_SON-8_1.5x3.2mm_P0.9mm,https://www.microcrystal.com/fileadmin/Media/Products/RTC/Datasheet/RV-3028-C7.pdf,Prototype candidate; availability and DC-bias/assembly review required,REVIEW_CANDIDATE_MPN,,,,"Source candidate only; package, ratings, pin mapping, supply and assembly require review."
alec-sensor,C34,0.1uF,GRM155R71C104KA88D,Capacitor_SMD:C_0402_1005Metric,https://search.murata.co.jp/Ceramy/image/img/A01X/G101/ENG/GRM155R71C104KA88-01A.pdf,Prototype candidate; availability and DC-bias/assembly review required,REVIEW_CANDIDATE_MPN,,,,"Source candidate only; package, ratings, pin mapping, supply and assembly require review."
alec-sensor,Q4,MMBT3904,MMBT3904,Package_TO_SOT_SMD:SOT-23,https://www.onsemi.com/pdf/datasheet/mmbt3904lt1-d.pdf,Prototype candidate; availability and DC-bias/assembly review required,REVIEW_CANDIDATE_MPN,,,,"Source candidate only; package, ratings, pin mapping, supply and assembly require review."
alec-sensor,Q5,MMBT3904,MMBT3904,Package_TO_SOT_SMD:SOT-23,https://www.onsemi.com/pdf/datasheet/mmbt3904lt1-d.pdf,Prototype candidate; availability and DC-bias/assembly review required,REVIEW_CANDIDATE_MPN,,,,"Source candidate only; package, ratings, pin mapping, supply and assembly require review."
alec-sensor,Q6,AO3401A,AO3401A,Package_TO_SOT_SMD:SOT-23,https://www.aosmd.com/sites/default/files/res/datasheets/AO3401A.pdf,Prototype candidate; availability and DC-bias/assembly review required,REVIEW_CANDIDATE_MPN,,,,"Source candidate only; package, ratings, pin mapping, supply and assembly require review."
alec-sensor,Q7,MMBT3904,MMBT3904,Package_TO_SOT_SMD:SOT-23,https://www.onsemi.com/pdf/datasheet/mmbt3904lt1-d.pdf,Prototype candidate; availability and DC-bias/assembly review required,REVIEW_CANDIDATE_MPN,,,,"Source candidate only; package, ratings, pin mapping, supply and assembly require review."
alec-sensor,R40,100k,RC0402FR-07100KL,Resistor_SMD:R_0402_1005Metric,https://www.yageo.com/en/Product/Index/rchip/rc,Prototype candidate; availability and DC-bias/assembly review required,REVIEW_CANDIDATE_MPN,,,,"Source candidate only; package, ratings, pin mapping, supply and assembly require review."
alec-sensor,R41,1M,RC0402FR-071ML,Resistor_SMD:R_0402_1005Metric,https://www.yageo.com/en/Product/Index/rchip/rc,Prototype candidate; availability and DC-bias/assembly review required,REVIEW_CANDIDATE_MPN,,,,"Source candidate only; package, ratings, pin mapping, supply and assembly require review."
alec-sensor,R42,47k,RC0402FR-0747KL,Resistor_SMD:R_0402_1005Metric,https://www.yageo.com/en/Product/Index/rchip/rc,Prototype candidate; availability and DC-bias/assembly review required,REVIEW_CANDIDATE_MPN,,,,"Source candidate only; package, ratings, pin mapping, supply and assembly require review."
alec-sensor,R43,10k,RC0402FR-0710KL,Resistor_SMD:R_0402_1005Metric,https://www.yageo.com/en/Product/Index/rchip/rc,Prototype candidate; availability and DC-bias/assembly review required,REVIEW_CANDIDATE_MPN,,,,"Source candidate only; package, ratings, pin mapping, supply and assembly require review."
alec-sensor,R44,47k,RC0402FR-0747KL,Resistor_SMD:R_0402_1005Metric,https://www.yageo.com/en/Product/Index/rchip/rc,Prototype candidate; availability and DC-bias/assembly review required,REVIEW_CANDIDATE_MPN,,,,"Source candidate only; package, ratings, pin mapping, supply and assembly require review."
alec-sensor,R45,100k,RC0402FR-07100KL,Resistor_SMD:R_0402_1005Metric,https://www.yageo.com/en/Product/Index/rchip/rc,Prototype candidate; availability and DC-bias/assembly review required,REVIEW_CANDIDATE_MPN,,,,"Source candidate only; package, ratings, pin mapping, supply and assembly require review."
alec-sensor,R46,10k,RC0402FR-0710KL,Resistor_SMD:R_0402_1005Metric,https://www.yageo.com/en/Product/Index/rchip/rc,Prototype candidate; availability and DC-bias/assembly review required,REVIEW_CANDIDATE_MPN,,,,"Source candidate only; package, ratings, pin mapping, supply and assembly require review."
alec-sensor,R47,100k,RC0402FR-07100KL,Resistor_SMD:R_0402_1005Metric,https://www.yageo.com/en/Product/Index/rchip/rc,Prototype candidate; availability and DC-bias/assembly review required,REVIEW_CANDIDATE_MPN,,,,"Source candidate only; package, ratings, pin mapping, supply and assembly require review."
alec-sensor,R48,33k,RT0402BRD0733KL,Resistor_SMD:R_0402_1005Metric,,Prototype candidate; availability and DC-bias/assembly review required,REVIEW_CANDIDATE_MPN,,,,"Source candidate only; package, ratings, pin mapping, supply and assembly require review."
alec-sensor,R49,10k,RT0402BRD0710KL,Resistor_SMD:R_0402_1005Metric,,Prototype candidate; availability and DC-bias/assembly review required,REVIEW_CANDIDATE_MPN,,,,"Source candidate only; package, ratings, pin mapping, supply and assembly require review."
alec-sensor,C35,10uF,GRM188R61A106KAALD,Capacitor_SMD:C_0603_1608Metric,https://datasheet.octopart.com/GRM188R61A106KAALD-Murata-datasheet-138742814.pdf,Prototype candidate; availability and DC-bias/assembly review required,REVIEW_CANDIDATE_MPN,,,,"Source candidate only; package, ratings, pin mapping, supply and assembly require review."
alec-sensor,C36,0.1uF,GRM188R71C104KA01D,Capacitor_SMD:C_0603_1608Metric,https://www.murata.com/en-us/products/productdetail?partno=GRM188R71C104KA01D,Prototype candidate; availability and DC-bias/assembly review required,REVIEW_CANDIDATE_MPN,,,,"Source candidate only; package, ratings, pin mapping, supply and assembly require review."
alec-sensor,C37,0.1uF,GRM188R71C104KA01D,Capacitor_SMD:C_0603_1608Metric,https://www.murata.com/en-us/products/productdetail?partno=GRM188R71C104KA01D,Prototype candidate; availability and DC-bias/assembly review required,REVIEW_CANDIDATE_MPN,,,,"Source candidate only; package, ratings, pin mapping, supply and assembly require review."
alec-sensor,J3,LD2410C — INTERNAL,SSW-105-01-F-S,Sensor:Samtec_SSW-105-01-F-S,https://www.hlktech.com/en/Goods-239.html,Prototype candidate; availability and DC-bias/assembly review required,REVIEW_CANDIDATE_MPN,,,,"Source candidate only; package, ratings, pin mapping, supply and assembly require review."
alec-sensor,R54,100k,RC0402FR-07100KL,Resistor_SMD:R_0402_1005Metric,,Prototype candidate; availability and DC-bias/assembly review required,REVIEW_CANDIDATE_MPN,,,,"Source candidate only; package, ratings, pin mapping, supply and assembly require review."
alec-sensor,R55,100k,RC0402FR-07100KL,Resistor_SMD:R_0402_1005Metric,,Prototype candidate; availability and DC-bias/assembly review required,REVIEW_CANDIDATE_MPN,,,,"Source candidate only; package, ratings, pin mapping, supply and assembly require review."
alec-sensor,R56,100k,RC0402FR-07100KL,Resistor_SMD:R_0402_1005Metric,,Prototype candidate; availability and DC-bias/assembly review required,REVIEW_CANDIDATE_MPN,,,,"Source candidate only; package, ratings, pin mapping, supply and assembly require review."
alec-sensor,U10,TMUX1511PWR,TMUX1511PWR,Package_SO:TSSOP-14_4.4x5mm_P0.65mm,https://www.ti.com/lit/ds/symlink/tmux1511.pdf,Prototype candidate; availability and DC-bias/assembly review required,REVIEW_CANDIDATE_MPN,,,,"Source candidate only; package, ratings, pin mapping, supply and assembly require review."
