Designator,Quantity,Manufacturer,MPN,Footprint,LCSC Part #
"R29,R30",2,UNI-ROYAL(Uniroyal Elec),0402WGF1500TCE,R_0402_1005Metric,C25082
"Q1,Q2,Q6",3,Alpha & Omega Semicon,AO3401A,SOT-23,C15127
J1,1,JST,B2B-PH-SM4-TB(LF)(SN),JST_PH_B2B-PH-SM4-TB_1x02-1MP_P2.00mm_Vertical,C160352
J3,1,JST,B2B-PH-SM4-TB(LF)(SN),JST_PH_Speaker_Overhang,C160352
J6,1,JST,BM06B-GHS-TBT(LF)(SN),JST_GH_BM06B-GHS-TBT_1x06-1MP_P1.25mm_Vertical,C189892
J5,1,JST,BM07B-GHS-TBT(LF)(SN),JST_GH_BM07B-GHS-TBT_1x07-1MP_P1.25mm_Vertical,C5305068
U3,1,Espressif Systems,ESP32-S3-WROOM-1-N16,ESP32-S3-WROOM-1_Overhang,C2913199
C19,1,Murata Electronics,GRM155R61A105KE15D,C_0402_1005Metric,C76999
"C4,C12,C18,C20,C22,C23,C24,C25,C28,C29,C30,C32,C33,C34",14,Murata Electronics,GRM155R71C104KA88D,C_0402_1005Metric,C71629
C31,1,Murata Electronics,GRM188R61A105KA61D,C_0603_1608Metric,C86012
C17,1,Murata Electronics,GRM21BR61A226ME44L,C_0805_2012Metric,C441864
"C1,C2,C9,C10,C27",5,Murata Electronics,GRM21BR61E106KA73L,C_0805_2012Metric,C84416
"C21,C26",2,Murata Electronics,GRM31CR61A107MEA8L,C_1206_3216Metric,C883598
"C6,C7,C8,C14,C15,C16",6,Murata Electronics,GRM31CR61C226KE15L,C_1206_3216Metric,C77088
"C3,C5,C11,C13",4,Murata Electronics,GRT188R61A106KE13D,C_0603_1608Metric,C782172
D1,1,Lite-On,LTST-C190KGKT,LED_0603_1608Metric,C125094
U6,1,Analog Devices Inc./Maxim Integrated,MAX98357AETE+T,TQFN-16-1EP_3x3mm_P0.5mm_EP1.23x1.23mm,C910544
"Q3,Q4,Q5,Q7",4,onsemi,MMBT3904LT1G,SOT-23,C81464
"R1,R6,R10,R19,R20,R21,R23,R32,R36,R39,R40,R45,R47",13,YAGEO,RC0402FR-07100KL,R_0402_1005Metric,C60491
"R50,R51,R52,R53",4,YAGEO,RC0402FR-07100RL,R_0402_1005Metric,C106232
"R3,R7,R12,R13,R18,R22,R24,R25,R26,R27,R31,R33,R43,R46",14,YAGEO,RC0402FR-0710KL,R_0402_1005Metric,C60490
R9,1,YAGEO,RC0402FR-07130KL,R_0402_1005Metric,C93946
R5,1,YAGEO,RC0402FR-07150KL,R_0402_1005Metric,C93947
R41,1,YAGEO,RC0402FR-071ML,R_0402_1005Metric,C138033
"R34,R35",2,YAGEO,RC0402FR-0722RL,R_0402_1005Metric,C114765
R28,1,YAGEO,RC0402FR-07330RL,R_0402_1005Metric,C105875
R4,1,YAGEO,RC0402FR-07470KL,R_0402_1005Metric,C137976
"R42,R44",2,YAGEO,RC0402FR-0747KL,R_0402_1005Metric,C93943
"R16,R17,R37,R38",4,YAGEO,RC0402FR-074K7L,R_0402_1005Metric,C105871
"R14,R15",2,YAGEO,RC0402FR-075K1L,R_0402_1005Metric,C105872
R8,1,YAGEO,RC0402FR-07680KL,R_0402_1005Metric,C163456
R49,1,YAGEO,RT0402BRD0710KL,R_0402_1005Metric,C190095
R48,1,YAGEO,RT0402BRD0733KL,R_0402_1005Metric,C728559
U5,1,Micro Crystal,RV-3028-C7 32.768KHZ 1PPM-TA-QA,MicroCrystal_C7_SON-8_1.5x3.2mm_P0.9mm,C3304278
U8,1,Texas Instruments,SN74LVC1T45DBVR,SOT-23-6,C7843
U7,1,Texas Instruments,SN74LVC2G66DCUR,VSSOP-8_2.3x2mm_P0.5mm,C181970
"U1,U2",2,Texas Instruments,TPS63070RNMR,TPS63070,C109322
"SW2,SW3",2,XKB Connection,TS-1187A-B-A-B,SW_Push_1P1T_XKB_TS-1187A,C318884
J4,1,Samtec,TSW-104-07-G-S,Samtec_TSW-104-07-G-S_Drill1.10mm,C3335156
J2,1,Korean Hroparts Elec,TYPE-C-31-M-12,USB_C_HRO_Overhang,C165948
U4,1,STMicroelectronics,USBLC6-2SC6,SOT-23-6,C7519
"L1,L2",2,Coilcraft,XFL4020-152MEC,IND_XFL4020-152MEC,C3033018
