Part/Designator,Manufacturer Part Number,Quantity
"R29,R30",0402WGF1500TCE,2
"Q1,Q2,Q6",AO3401A,3
J1,B2B-PH-SM4-TB(LF)(SN),1
J3,B2B-PH-SM4-TB(LF)(SN),1
J6,BM06B-GHS-TBT(LF)(SN),1
J5,BM07B-GHS-TBT(LF)(SN),1
U3,ESP32-S3-WROOM-1-N16,1
C19,GRM155R61A105KE15D,1
"C4,C12,C18,C20,C22,C23,C24,C25,C28,C29,C30,C32,C33,C34",GRM155R71C104KA88D,14
C31,GRM188R61A105KA61D,1
C17,GRM21BR61A226ME44L,1
"C1,C2,C9,C10,C27",GRM21BR61E106KA73L,5
"C21,C26",GRM31CR61A107MEA8L,2
"C6,C7,C8,C14,C15,C16",GRM31CR61C226KE15L,6
"C3,C5,C11,C13",GRT188R61A106KE13D,4
D1,LTST-C190KGKT,1
U6,MAX98357AETE+T,1
"Q3,Q4,Q5,Q7",MMBT3904LT1G,4
"R1,R6,R10,R19,R20,R21,R23,R32,R36,R39,R40,R45,R47",RC0402FR-07100KL,13
"R50,R51,R52,R53",RC0402FR-07100RL,4
"R3,R7,R12,R13,R18,R22,R24,R25,R26,R27,R31,R33,R43,R46",RC0402FR-0710KL,14
R9,RC0402FR-07130KL,1
R5,RC0402FR-07150KL,1
R41,RC0402FR-071ML,1
"R34,R35",RC0402FR-0722RL,2
R28,RC0402FR-07330RL,1
R4,RC0402FR-07470KL,1
"R42,R44",RC0402FR-0747KL,2
"R16,R17,R37,R38",RC0402FR-074K7L,4
"R14,R15",RC0402FR-075K1L,2
R8,RC0402FR-07680KL,1
R49,RT0402BRD0710KL,1
R48,RT0402BRD0733KL,1
U5,RV-3028-C7 32.768KHZ 1PPM-TA-QA,1
U8,SN74LVC1T45DBVR,1
U7,SN74LVC2G66DCUR,1
"U1,U2",TPS63070RNMR,2
"SW2,SW3",TS-1187A-B-A-B,2
J4,TSW-104-07-G-S,1
J2,TYPE-C-31-M-12,1
U4,USBLC6-2SC6,1
"L1,L2",XFL4020-152MEC,2
