Reference,Value,MPN,Footprint,Voltage,Datasheet,Assembly,Manufacturer,LCSC#
C1,10µF,GRM21BR61E106KA73L,Capacitor_SMD:C_0805_2012Metric,10V minimum,https://www.lcsc.com/datasheet/lcsc_datasheet_2304140030_Murata-Electronics-GRM21BR61E106KA73L_C84416.pdf,Selected prototype part; package/assembly release checks remain,Murata Electronics,C84416
C10,10µF,GRM21BR61E106KA73L,Capacitor_SMD:C_0805_2012Metric,10V minimum,https://www.lcsc.com/datasheet/lcsc_datasheet_2304140030_Murata-Electronics-GRM21BR61E106KA73L_C84416.pdf,Selected prototype part; package/assembly release checks remain,Murata Electronics,C84416
C11,10µF,GRT188R61A106KE13D,Capacitor_SMD:C_0603_1608Metric,10V minimum,https://search.murata.co.jp/Ceramy/image/img/A01X/G101/ENG/GRT188R61A106KE13-01A.pdf,Selected prototype part; package/assembly release checks remain,Murata Electronics,C782172
C12,0.1µF,GRM155R71C104KA88D,Capacitor_SMD:C_0402_1005Metric,10V minimum,https://www.lcsc.com/datasheet/lcsc_datasheet_1811081616_Murata-Electronics-GRM155R71C104KA88D_C71629.pdf,Selected prototype part; package/assembly release checks remain,Murata Electronics,C71629
C13,10µF,GRT188R61A106KE13D,Capacitor_SMD:C_0603_1608Metric,10V minimum,https://search.murata.co.jp/Ceramy/image/img/A01X/G101/ENG/GRT188R61A106KE13-01A.pdf,Selected prototype part; package/assembly release checks remain,Murata Electronics,C782172
C14,22µF,GRM31CR61C226KE15L,Capacitor_SMD:C_1206_3216Metric,16V,https://www.lcsc.com/datasheet/lcsc_datasheet_2304140030_Murata-Electronics-GRM31CR61C226KE15L_C77088.pdf,Selected prototype part; package/assembly release checks remain,Murata Electronics,C77088
C15,22µF,GRM31CR61C226KE15L,Capacitor_SMD:C_1206_3216Metric,16V,https://www.lcsc.com/datasheet/lcsc_datasheet_2304140030_Murata-Electronics-GRM31CR61C226KE15L_C77088.pdf,Selected prototype part; package/assembly release checks remain,Murata Electronics,C77088
C16,22µF,GRM31CR61C226KE15L,Capacitor_SMD:C_1206_3216Metric,16V,https://www.lcsc.com/datasheet/lcsc_datasheet_2304140030_Murata-Electronics-GRM31CR61C226KE15L_C77088.pdf,Selected prototype part; package/assembly release checks remain,Murata Electronics,C77088
C17,22µF,GRM21BR61A226ME44L,Capacitor_SMD:C_0805_2012Metric,10V minimum,https://www.lcsc.com/datasheet/lcsc_datasheet_2410010301_Murata-Electronics-GRM21BR61A226ME44L_C441864.pdf,Selected prototype part; package/assembly release checks remain,Murata Electronics,C441864
C18,0.1µF,GRM155R71C104KA88D,Capacitor_SMD:C_0402_1005Metric,10V minimum,https://www.lcsc.com/datasheet/lcsc_datasheet_1811081616_Murata-Electronics-GRM155R71C104KA88D_C71629.pdf,Selected prototype part; package/assembly release checks remain,Murata Electronics,C71629
C19,1µF,GRM155R61A105KE15D,Capacitor_SMD:C_0402_1005Metric,10V minimum,https://www.lcsc.com/datasheet/lcsc_datasheet_1810201320_Murata-Electronics-GRM155R61A105KE15D_C76999.pdf,Selected prototype part; package/assembly release checks remain,Murata Electronics,C76999
C2,10µF,GRM21BR61E106KA73L,Capacitor_SMD:C_0805_2012Metric,10V minimum,https://www.lcsc.com/datasheet/lcsc_datasheet_2304140030_Murata-Electronics-GRM21BR61E106KA73L_C84416.pdf,Selected prototype part; package/assembly release checks remain,Murata Electronics,C84416
C20,0.1µF,GRM155R71C104KA88D,Capacitor_SMD:C_0402_1005Metric,10V minimum,https://www.lcsc.com/datasheet/lcsc_datasheet_1811081616_Murata-Electronics-GRM155R71C104KA88D_C71629.pdf,Selected prototype part; package/assembly release checks remain,Murata Electronics,C71629
C21,100µF,GRM31CR61A107MEA8L,Capacitor_SMD:C_1206_3216Metric,10V minimum,https://search.murata.co.jp/Ceramy/image/img/A01X/G101/ENG/GRM31CR61A107MEA8-01A.pdf,Selected prototype part; package/assembly release checks remain,Murata Electronics,C883598
C22,0.1µF,GRM155R71C104KA88D,Capacitor_SMD:C_0402_1005Metric,10V minimum,https://www.lcsc.com/datasheet/lcsc_datasheet_1811081616_Murata-Electronics-GRM155R71C104KA88D_C71629.pdf,Selected prototype part; package/assembly release checks remain,Murata Electronics,C71629
C23,0.1µF,GRM155R71C104KA88D,Capacitor_SMD:C_0402_1005Metric,10V minimum,https://www.lcsc.com/datasheet/lcsc_datasheet_1811081616_Murata-Electronics-GRM155R71C104KA88D_C71629.pdf,Selected prototype part; package/assembly release checks remain,Murata Electronics,C71629
C24,0.1µF,GRM155R71C104KA88D,Capacitor_SMD:C_0402_1005Metric,10V minimum,https://www.lcsc.com/datasheet/lcsc_datasheet_1811081616_Murata-Electronics-GRM155R71C104KA88D_C71629.pdf,Selected prototype part; package/assembly release checks remain,Murata Electronics,C71629
C25,0.1µF,GRM155R71C104KA88D,Capacitor_SMD:C_0402_1005Metric,10V minimum,https://www.lcsc.com/datasheet/lcsc_datasheet_1811081616_Murata-Electronics-GRM155R71C104KA88D_C71629.pdf,Selected prototype part; package/assembly release checks remain,Murata Electronics,C71629
C26,100µF,GRM31CR61A107MEA8L,Capacitor_SMD:C_1206_3216Metric,10V minimum,https://search.murata.co.jp/Ceramy/image/img/A01X/G101/ENG/GRM31CR61A107MEA8-01A.pdf,Selected prototype part; package/assembly release checks remain,Murata Electronics,C883598
C27,10µF,GRM21BR61E106KA73L,Capacitor_SMD:C_0805_2012Metric,10V minimum,https://www.lcsc.com/datasheet/lcsc_datasheet_2304140030_Murata-Electronics-GRM21BR61E106KA73L_C84416.pdf,Selected prototype part; package/assembly release checks remain,Murata Electronics,C84416
C28,0.1µF,GRM155R71C104KA88D,Capacitor_SMD:C_0402_1005Metric,10V minimum,https://www.lcsc.com/datasheet/lcsc_datasheet_1811081616_Murata-Electronics-GRM155R71C104KA88D_C71629.pdf,Selected prototype part; package/assembly release checks remain,Murata Electronics,C71629
C29,0.1µF,GRM155R71C104KA88D,Capacitor_SMD:C_0402_1005Metric,,https://www.lcsc.com/datasheet/lcsc_datasheet_1811081616_Murata-Electronics-GRM155R71C104KA88D_C71629.pdf,Selected prototype part; package/assembly release checks remain,Murata Electronics,C71629
C3,10µF,GRT188R61A106KE13D,Capacitor_SMD:C_0603_1608Metric,10V minimum,https://search.murata.co.jp/Ceramy/image/img/A01X/G101/ENG/GRT188R61A106KE13-01A.pdf,Selected prototype part; package/assembly release checks remain,Murata Electronics,C782172
C30,0.1µF,GRM155R71C104KA88D,Capacitor_SMD:C_0402_1005Metric,,https://www.lcsc.com/datasheet/lcsc_datasheet_1811081616_Murata-Electronics-GRM155R71C104KA88D_C71629.pdf,Selected prototype part; package/assembly release checks remain,Murata Electronics,C71629
C31,1µF,GRM188R61A105KA61D,Capacitor_SMD:C_0603_1608Metric,,https://wmsc.lcsc.com/wmsc/upload/file/pdf/v2/lcsc/2304140030_Murata-Electronics-GRM188R61A105KA61D_C86012.pdf,Selected prototype part; package/assembly release checks remain,Murata Electronics,C86012
C32,0.1µF,GRM155R71C104KA88D,Capacitor_SMD:C_0402_1005Metric,,https://www.lcsc.com/datasheet/lcsc_datasheet_1811081616_Murata-Electronics-GRM155R71C104KA88D_C71629.pdf,Selected prototype part; package/assembly release checks remain,Murata Electronics,C71629
C33,0.1µF,GRM155R71C104KA88D,Capacitor_SMD:C_0402_1005Metric,,https://www.lcsc.com/datasheet/lcsc_datasheet_1811081616_Murata-Electronics-GRM155R71C104KA88D_C71629.pdf,Selected prototype part; package/assembly release checks remain,Murata Electronics,C71629
C34,0.1uF,GRM155R71C104KA88D,Capacitor_SMD:C_0402_1005Metric,16V,https://www.lcsc.com/datasheet/lcsc_datasheet_1811081616_Murata-Electronics-GRM155R71C104KA88D_C71629.pdf,Selected prototype part; package/assembly release checks remain,Murata Electronics,C71629
C4,0.1µF,GRM155R71C104KA88D,Capacitor_SMD:C_0402_1005Metric,10V minimum,https://www.lcsc.com/datasheet/lcsc_datasheet_1811081616_Murata-Electronics-GRM155R71C104KA88D_C71629.pdf,Selected prototype part; package/assembly release checks remain,Murata Electronics,C71629
C5,10µF,GRT188R61A106KE13D,Capacitor_SMD:C_0603_1608Metric,10V minimum,https://search.murata.co.jp/Ceramy/image/img/A01X/G101/ENG/GRT188R61A106KE13-01A.pdf,Selected prototype part; package/assembly release checks remain,Murata Electronics,C782172
C6,22µF,GRM31CR61C226KE15L,Capacitor_SMD:C_1206_3216Metric,16V,https://www.lcsc.com/datasheet/lcsc_datasheet_2304140030_Murata-Electronics-GRM31CR61C226KE15L_C77088.pdf,Selected prototype part; package/assembly release checks remain,Murata Electronics,C77088
C7,22µF,GRM31CR61C226KE15L,Capacitor_SMD:C_1206_3216Metric,16V,https://www.lcsc.com/datasheet/lcsc_datasheet_2304140030_Murata-Electronics-GRM31CR61C226KE15L_C77088.pdf,Selected prototype part; package/assembly release checks remain,Murata Electronics,C77088
C8,22µF,GRM31CR61C226KE15L,Capacitor_SMD:C_1206_3216Metric,16V,https://www.lcsc.com/datasheet/lcsc_datasheet_2304140030_Murata-Electronics-GRM31CR61C226KE15L_C77088.pdf,Selected prototype part; package/assembly release checks remain,Murata Electronics,C77088
C9,10µF,GRM21BR61E106KA73L,Capacitor_SMD:C_0805_2012Metric,10V minimum,https://www.lcsc.com/datasheet/lcsc_datasheet_2304140030_Murata-Electronics-GRM21BR61E106KA73L_C84416.pdf,Selected prototype part; package/assembly release checks remain,Murata Electronics,C84416
D1,LED,LTST-C190KGKT,LED_SMD:LED_0603_1608Metric,,https://www.lcsc.com/datasheet/lcsc_datasheet_1810231512_Lite-On-LTST-C190KGKT_C125094.pdf,Selected prototype part; package/assembly release checks remain,Lite-On,C125094
J1,Conn_01x02_Pin,B2B-PH-SM4-TB(LF)(SN),Connector_JST:JST_PH_B2B-PH-SM4-TB_1x02-1MP_P2.00mm_Vertical,,https://www.lcsc.com/datasheet/lcsc_datasheet_2304140030_JST-B2B-PH-SM4-TB-LF-SN_C160352.pdf,Selected prototype part; package/assembly release checks remain,JST,C160352
J2,USB_C_Receptacle_USB2.0_16P,TYPE-C-31-M-12,Board:USB_C_HRO_Overhang,,https://www.lcsc.com/datasheet/lcsc_datasheet_2205251630_Korean-Hroparts-Elec-TYPE-C-31-M-12_C165948.pdf,Selected prototype part; package/assembly release checks remain,Korean Hroparts Elec,C165948
J3,Conn_01x02_Pin,B2B-PH-SM4-TB(LF)(SN),Board:JST_PH_Speaker_Overhang,,https://www.lcsc.com/datasheet/lcsc_datasheet_2304140030_JST-B2B-PH-SM4-TB-LF-SN_C160352.pdf,Selected prototype part; package/assembly release checks remain,JST,C160352
J4,Conn_01x04_Pin,TSW-104-07-G-S,Board:Samtec_TSW-104-07-G-S_Drill1.10mm,,https://www.samtec.com/products/tsw-104-07-g-s,Selected prototype part; package/assembly release checks remain,Samtec,C3335156
J5,BM07B-GHS-TBT,BM07B-GHS-TBT(LF)(SN),Connector_JST:JST_GH_BM07B-GHS-TBT_1x07-1MP_P1.25mm_Vertical,,https://www.jst-mfg.com/product/pdf/eng/eGH.pdf,Selected prototype part; package/assembly release checks remain,JST,C5305068
J6,BM06B-GHS-TBT,BM06B-GHS-TBT(LF)(SN),Connector_JST:JST_GH_BM06B-GHS-TBT_1x06-1MP_P1.25mm_Vertical,,https://www.jst-mfg.com/product/pdf/eng/eGH.pdf,Selected prototype part; package/assembly release checks remain,JST,C189892
L1,1.5µH,XFL4020-152MEC,TPS63070:IND_XFL4020-152MEC,,https://www.coilcraft.com/getmedia/50632d43-da1b-4cdb-8ab4-3029cab51df3/xfl4020.pdf,Selected prototype part; package/assembly release checks remain,Coilcraft,C3033018
L2,1.5µH,XFL4020-152MEC,TPS63070:IND_XFL4020-152MEC,,https://www.coilcraft.com/getmedia/50632d43-da1b-4cdb-8ab4-3029cab51df3/xfl4020.pdf,Selected prototype part; package/assembly release checks remain,Coilcraft,C3033018
Q1,AO3401A,AO3401A,Package_TO_SOT_SMD:SOT-23,,https://www.lcsc.com/datasheet/lcsc_datasheet_2412061733_Alpha---Omega-Semicon-AO3401A_C15127.pdf,Selected prototype part; package/assembly release checks remain,Alpha & Omega Semicon,C15127
Q2,AO3401A,AO3401A,Package_TO_SOT_SMD:SOT-23,,https://www.lcsc.com/datasheet/lcsc_datasheet_2412061733_Alpha---Omega-Semicon-AO3401A_C15127.pdf,Selected prototype part; package/assembly release checks remain,Alpha & Omega Semicon,C15127
Q3,MMBT3904,MMBT3904LT1G,Package_TO_SOT_SMD:SOT-23,,https://www.onsemi.com/pdf/datasheet/mmbt3904lt1-d.pdf,Selected prototype part; package/assembly release checks remain,onsemi,C81464
Q4,MMBT3904,MMBT3904LT1G,Package_TO_SOT_SMD:SOT-23,,https://www.onsemi.com/pdf/datasheet/mmbt3904lt1-d.pdf,Selected prototype part; package/assembly release checks remain,onsemi,C81464
Q5,MMBT3904,MMBT3904LT1G,Package_TO_SOT_SMD:SOT-23,,https://www.onsemi.com/pdf/datasheet/mmbt3904lt1-d.pdf,Selected prototype part; package/assembly release checks remain,onsemi,C81464
Q6,AO3401A,AO3401A,Package_TO_SOT_SMD:SOT-23,,https://www.lcsc.com/datasheet/lcsc_datasheet_2412061733_Alpha---Omega-Semicon-AO3401A_C15127.pdf,Selected prototype part; package/assembly release checks remain,Alpha & Omega Semicon,C15127
Q7,MMBT3904,MMBT3904LT1G,Package_TO_SOT_SMD:SOT-23,,https://www.onsemi.com/pdf/datasheet/mmbt3904lt1-d.pdf,Selected prototype part; package/assembly release checks remain,onsemi,C81464
R1,100kΩ,RC0402FR-07100KL,Resistor_SMD:R_0402_1005Metric,,https://www.lcsc.com/datasheet/lcsc_datasheet_2304140030_YAGEO-RC0402FR-07100KL_C60491.pdf,Selected prototype part; package/assembly release checks remain,YAGEO,C60491
R10,100kΩ,RC0402FR-07100KL,Resistor_SMD:R_0402_1005Metric,,https://www.lcsc.com/datasheet/lcsc_datasheet_2304140030_YAGEO-RC0402FR-07100KL_C60491.pdf,Selected prototype part; package/assembly release checks remain,YAGEO,C60491
R11,1kΩ,,Resistor_SMD:R_0402_1005Metric,,,DNP,,
R12,10kΩ,RC0402FR-0710KL,Resistor_SMD:R_0402_1005Metric,,https://www.lcsc.com/datasheet/lcsc_datasheet_2304140030_YAGEO-RC0402FR-0710KL_C60490.pdf,Selected prototype part; package/assembly release checks remain,YAGEO,C60490
R13,10kΩ,RC0402FR-0710KL,Resistor_SMD:R_0402_1005Metric,,https://www.lcsc.com/datasheet/lcsc_datasheet_2304140030_YAGEO-RC0402FR-0710KL_C60490.pdf,Selected prototype part; package/assembly release checks remain,YAGEO,C60490
R14,5.1kΩ,RC0402FR-075K1L,Resistor_SMD:R_0402_1005Metric,,https://www.lcsc.com/datasheet/lcsc_datasheet_2304140030_YAGEO-RC0402FR-075K1L_C105872.pdf,Selected prototype part; package/assembly release checks remain,YAGEO,C105872
R15,5.1kΩ,RC0402FR-075K1L,Resistor_SMD:R_0402_1005Metric,,https://www.lcsc.com/datasheet/lcsc_datasheet_2304140030_YAGEO-RC0402FR-075K1L_C105872.pdf,Selected prototype part; package/assembly release checks remain,YAGEO,C105872
R16,4.7kΩ,RC0402FR-074K7L,Resistor_SMD:R_0402_1005Metric,,https://www.lcsc.com/datasheet/lcsc_datasheet_2304140030_YAGEO-RC0402FR-074K7L_C105871.pdf,Selected prototype part; package/assembly release checks remain,YAGEO,C105871
R17,4.7kΩ,RC0402FR-074K7L,Resistor_SMD:R_0402_1005Metric,,https://www.lcsc.com/datasheet/lcsc_datasheet_2304140030_YAGEO-RC0402FR-074K7L_C105871.pdf,Selected prototype part; package/assembly release checks remain,YAGEO,C105871
R18,10kΩ,RC0402FR-0710KL,Resistor_SMD:R_0402_1005Metric,,https://www.lcsc.com/datasheet/lcsc_datasheet_2304140030_YAGEO-RC0402FR-0710KL_C60490.pdf,Selected prototype part; package/assembly release checks remain,YAGEO,C60490
R19,100kΩ,RC0402FR-07100KL,Resistor_SMD:R_0402_1005Metric,,https://www.lcsc.com/datasheet/lcsc_datasheet_2304140030_YAGEO-RC0402FR-07100KL_C60491.pdf,Selected prototype part; package/assembly release checks remain,YAGEO,C60491
R20,100kΩ,RC0402FR-07100KL,Resistor_SMD:R_0402_1005Metric,,https://www.lcsc.com/datasheet/lcsc_datasheet_2304140030_YAGEO-RC0402FR-07100KL_C60491.pdf,Selected prototype part; package/assembly release checks remain,YAGEO,C60491
R21,100kΩ,RC0402FR-07100KL,Resistor_SMD:R_0402_1005Metric,,https://www.lcsc.com/datasheet/lcsc_datasheet_2304140030_YAGEO-RC0402FR-07100KL_C60491.pdf,Selected prototype part; package/assembly release checks remain,YAGEO,C60491
R22,10kΩ,RC0402FR-0710KL,Resistor_SMD:R_0402_1005Metric,,https://www.lcsc.com/datasheet/lcsc_datasheet_2304140030_YAGEO-RC0402FR-0710KL_C60490.pdf,Selected prototype part; package/assembly release checks remain,YAGEO,C60490
R23,100kΩ,RC0402FR-07100KL,Resistor_SMD:R_0402_1005Metric,,https://www.lcsc.com/datasheet/lcsc_datasheet_2304140030_YAGEO-RC0402FR-07100KL_C60491.pdf,Selected prototype part; package/assembly release checks remain,YAGEO,C60491
R24,10kΩ,RC0402FR-0710KL,Resistor_SMD:R_0402_1005Metric,,https://www.lcsc.com/datasheet/lcsc_datasheet_2304140030_YAGEO-RC0402FR-0710KL_C60490.pdf,Selected prototype part; package/assembly release checks remain,YAGEO,C60490
R25,10kΩ,RC0402FR-0710KL,Resistor_SMD:R_0402_1005Metric,,https://www.lcsc.com/datasheet/lcsc_datasheet_2304140030_YAGEO-RC0402FR-0710KL_C60490.pdf,Selected prototype part; package/assembly release checks remain,YAGEO,C60490
R26,10kΩ,RC0402FR-0710KL,Resistor_SMD:R_0402_1005Metric,,https://www.lcsc.com/datasheet/lcsc_datasheet_2304140030_YAGEO-RC0402FR-0710KL_C60490.pdf,Selected prototype part; package/assembly release checks remain,YAGEO,C60490
R27,10kΩ,RC0402FR-0710KL,Resistor_SMD:R_0402_1005Metric,,https://www.lcsc.com/datasheet/lcsc_datasheet_2304140030_YAGEO-RC0402FR-0710KL_C60490.pdf,Selected prototype part; package/assembly release checks remain,YAGEO,C60490
R28,330Ω,RC0402FR-07330RL,Resistor_SMD:R_0402_1005Metric,,https://www.lcsc.com/datasheet/lcsc_datasheet_2304140030_YAGEO-RC0402FR-07330RL_C105875.pdf,Selected prototype part; package/assembly release checks remain,YAGEO,C105875
R29,150Ω,0402WGF1500TCE,Resistor_SMD:R_0402_1005Metric,,https://www.royalohm.com/assets/pdf/products/smd/1.pdf,Selected prototype part; package/assembly release checks remain,UNI-ROYAL(Uniroyal Elec),C25082
R3,10kΩ,RC0402FR-0710KL,Resistor_SMD:R_0402_1005Metric,,https://www.lcsc.com/datasheet/lcsc_datasheet_2304140030_YAGEO-RC0402FR-0710KL_C60490.pdf,Selected prototype part; package/assembly release checks remain,YAGEO,C60490
R30,150Ω,0402WGF1500TCE,Resistor_SMD:R_0402_1005Metric,,https://www.royalohm.com/assets/pdf/products/smd/1.pdf,Selected prototype part; package/assembly release checks remain,UNI-ROYAL(Uniroyal Elec),C25082
R31,10kΩ,RC0402FR-0710KL,Resistor_SMD:R_0402_1005Metric,,https://www.lcsc.com/datasheet/lcsc_datasheet_2304140030_YAGEO-RC0402FR-0710KL_C60490.pdf,Selected prototype part; package/assembly release checks remain,YAGEO,C60490
R32,100kΩ,RC0402FR-07100KL,Resistor_SMD:R_0402_1005Metric,,https://www.lcsc.com/datasheet/lcsc_datasheet_2304140030_YAGEO-RC0402FR-07100KL_C60491.pdf,Selected prototype part; package/assembly release checks remain,YAGEO,C60491
R33,10kΩ,RC0402FR-0710KL,Resistor_SMD:R_0402_1005Metric,,https://www.lcsc.com/datasheet/lcsc_datasheet_2304140030_YAGEO-RC0402FR-0710KL_C60490.pdf,Selected prototype part; package/assembly release checks remain,YAGEO,C60490
R34,22Ω,RC0402FR-0722RL,Resistor_SMD:R_0402_1005Metric,,https://www.lcsc.com/datasheet/lcsc_datasheet_2304140030_YAGEO-RC0402FR-0722RL_C114765.pdf,Selected prototype part; package/assembly release checks remain,YAGEO,C114765
R35,22Ω,RC0402FR-0722RL,Resistor_SMD:R_0402_1005Metric,,https://www.lcsc.com/datasheet/lcsc_datasheet_2304140030_YAGEO-RC0402FR-0722RL_C114765.pdf,Selected prototype part; package/assembly release checks remain,YAGEO,C114765
R36,100kΩ,RC0402FR-07100KL,Resistor_SMD:R_0402_1005Metric,,https://www.lcsc.com/datasheet/lcsc_datasheet_2304140030_YAGEO-RC0402FR-07100KL_C60491.pdf,Selected prototype part; package/assembly release checks remain,YAGEO,C60491
R37,4.7kΩ,RC0402FR-074K7L,Resistor_SMD:R_0402_1005Metric,,https://www.lcsc.com/datasheet/lcsc_datasheet_2304140030_YAGEO-RC0402FR-074K7L_C105871.pdf,Selected prototype part; package/assembly release checks remain,YAGEO,C105871
R38,4.7kΩ,RC0402FR-074K7L,Resistor_SMD:R_0402_1005Metric,,https://www.lcsc.com/datasheet/lcsc_datasheet_2304140030_YAGEO-RC0402FR-074K7L_C105871.pdf,Selected prototype part; package/assembly release checks remain,YAGEO,C105871
R39,100kΩ,RC0402FR-07100KL,Resistor_SMD:R_0402_1005Metric,,https://www.lcsc.com/datasheet/lcsc_datasheet_2304140030_YAGEO-RC0402FR-07100KL_C60491.pdf,Selected prototype part; package/assembly release checks remain,YAGEO,C60491
R4,470kΩ,RC0402FR-07470KL,Resistor_SMD:R_0402_1005Metric,,https://www.lcsc.com/datasheet/lcsc_datasheet_2304140030_YAGEO-RC0402FR-07470KL_C137976.pdf,Selected prototype part; package/assembly release checks remain,YAGEO,C137976
R40,100k,RC0402FR-07100KL,Resistor_SMD:R_0402_1005Metric,,https://www.lcsc.com/datasheet/lcsc_datasheet_2304140030_YAGEO-RC0402FR-07100KL_C60491.pdf,Selected prototype part; package/assembly release checks remain,YAGEO,C60491
R41,1M,RC0402FR-071ML,Resistor_SMD:R_0402_1005Metric,,https://www.lcsc.com/datasheet/lcsc_datasheet_2304140030_YAGEO-RC0402FR-071ML_C138033.pdf,Selected prototype part; package/assembly release checks remain,YAGEO,C138033
R42,47k,RC0402FR-0747KL,Resistor_SMD:R_0402_1005Metric,,https://www.lcsc.com/datasheet/lcsc_datasheet_2304140030_YAGEO-RC0402FR-0747KL_C93943.pdf,Selected prototype part; package/assembly release checks remain,YAGEO,C93943
R43,10k,RC0402FR-0710KL,Resistor_SMD:R_0402_1005Metric,,https://www.lcsc.com/datasheet/lcsc_datasheet_2304140030_YAGEO-RC0402FR-0710KL_C60490.pdf,Selected prototype part; package/assembly release checks remain,YAGEO,C60490
R44,47k,RC0402FR-0747KL,Resistor_SMD:R_0402_1005Metric,,https://www.lcsc.com/datasheet/lcsc_datasheet_2304140030_YAGEO-RC0402FR-0747KL_C93943.pdf,Selected prototype part; package/assembly release checks remain,YAGEO,C93943
R45,100k,RC0402FR-07100KL,Resistor_SMD:R_0402_1005Metric,,https://www.lcsc.com/datasheet/lcsc_datasheet_2304140030_YAGEO-RC0402FR-07100KL_C60491.pdf,Selected prototype part; package/assembly release checks remain,YAGEO,C60491
R46,10k,RC0402FR-0710KL,Resistor_SMD:R_0402_1005Metric,,https://www.lcsc.com/datasheet/lcsc_datasheet_2304140030_YAGEO-RC0402FR-0710KL_C60490.pdf,Selected prototype part; package/assembly release checks remain,YAGEO,C60490
R47,100k,RC0402FR-07100KL,Resistor_SMD:R_0402_1005Metric,,https://www.lcsc.com/datasheet/lcsc_datasheet_2304140030_YAGEO-RC0402FR-07100KL_C60491.pdf,Selected prototype part; package/assembly release checks remain,YAGEO,C60491
R48,33k,RT0402BRD0733KL,Resistor_SMD:R_0402_1005Metric,,https://wmsc.lcsc.com/wmsc/upload/file/pdf/v2/lcsc/2304140030_YAGEO-RT0402BRD0733KL_C728559.pdf,Selected prototype part; package/assembly release checks remain,YAGEO,C728559
R49,10k,RT0402BRD0710KL,Resistor_SMD:R_0402_1005Metric,,https://www.lcsc.com/datasheet/lcsc_datasheet_2304140030_YAGEO-RT0402BRD0710KL_C190095.pdf,Selected prototype part; package/assembly release checks remain,YAGEO,C190095
R5,150kΩ,RC0402FR-07150KL,Resistor_SMD:R_0402_1005Metric,,https://wmsc.lcsc.com/wmsc/upload/file/pdf/v2/lcsc/2304140030_YAGEO-RC0402FR-07150KL_C93947.pdf,Selected prototype part; package/assembly release checks remain,YAGEO,C93947
R50,100Ω,RC0402FR-07100RL,Resistor_SMD:R_0402_1005Metric,,https://www.lcsc.com/datasheet/lcsc_datasheet_2304140030_YAGEO-RC0402FR-07100RL_C106232.pdf,Selected prototype part; package/assembly release checks remain,YAGEO,C106232
R51,100Ω,RC0402FR-07100RL,Resistor_SMD:R_0402_1005Metric,,https://www.lcsc.com/datasheet/lcsc_datasheet_2304140030_YAGEO-RC0402FR-07100RL_C106232.pdf,Selected prototype part; package/assembly release checks remain,YAGEO,C106232
R52,100Ω,RC0402FR-07100RL,Resistor_SMD:R_0402_1005Metric,,https://www.lcsc.com/datasheet/lcsc_datasheet_2304140030_YAGEO-RC0402FR-07100RL_C106232.pdf,Selected prototype part; package/assembly release checks remain,YAGEO,C106232
R53,100Ω,RC0402FR-07100RL,Resistor_SMD:R_0402_1005Metric,,https://www.lcsc.com/datasheet/lcsc_datasheet_2304140030_YAGEO-RC0402FR-07100RL_C106232.pdf,Selected prototype part; package/assembly release checks remain,YAGEO,C106232
R6,100kΩ,RC0402FR-07100KL,Resistor_SMD:R_0402_1005Metric,,https://www.lcsc.com/datasheet/lcsc_datasheet_2304140030_YAGEO-RC0402FR-07100KL_C60491.pdf,Selected prototype part; package/assembly release checks remain,YAGEO,C60491
R7,10kΩ,RC0402FR-0710KL,Resistor_SMD:R_0402_1005Metric,,https://www.lcsc.com/datasheet/lcsc_datasheet_2304140030_YAGEO-RC0402FR-0710KL_C60490.pdf,Selected prototype part; package/assembly release checks remain,YAGEO,C60490
R8,680kΩ,RC0402FR-07680KL,Resistor_SMD:R_0402_1005Metric,,https://www.lcsc.com/datasheet/lcsc_datasheet_2304140030_YAGEO-RC0402FR-07680KL_C163456.pdf,Selected prototype part; package/assembly release checks remain,YAGEO,C163456
R9,130kΩ,RC0402FR-07130KL,Resistor_SMD:R_0402_1005Metric,,https://www.lcsc.com/datasheet/lcsc_datasheet_2304140030_YAGEO-RC0402FR-07130KL_C93946.pdf,Selected prototype part; package/assembly release checks remain,YAGEO,C93946
SW2,RESET,TS-1187A-B-A-B,Button_Switch_SMD:SW_Push_1P1T_XKB_TS-1187A,,https://www.lcsc.com/datasheet/lcsc_datasheet_2304140030_XKB-Connection-TS-1187A-B-A-B_C318884.pdf,Selected prototype part; package/assembly release checks remain,XKB Connection,C318884
SW3,BOOT,TS-1187A-B-A-B,Button_Switch_SMD:SW_Push_1P1T_XKB_TS-1187A,,https://www.lcsc.com/datasheet/lcsc_datasheet_2304140030_XKB-Connection-TS-1187A-B-A-B_C318884.pdf,Selected prototype part; package/assembly release checks remain,XKB Connection,C318884
U1,TPS63070RNMR,TPS63070RNMR,TPS63070:TPS63070,,https://www.ti.com/cn/lit/gpn/tps63070,Selected prototype part; package/assembly release checks remain,Texas Instruments,C109322
U2,TPS63070RNMR,TPS63070RNMR,TPS63070:TPS63070,,https://www.ti.com/cn/lit/gpn/tps63070,Selected prototype part; package/assembly release checks remain,Texas Instruments,C109322
U3,ESP32-S3-WROOM-1-N16,ESP32-S3-WROOM-1-N16,Board:ESP32-S3-WROOM-1_Overhang,,https://wmsc.lcsc.com/wmsc/upload/file/pdf/v2/lcsc/2206281830_Espressif-Systems-ESP32-S3-WROOM-1-N16_C2913199.pdf,Selected prototype part; package/assembly release checks remain,Espressif Systems,C2913199
U4,USBLC6-2SC6,USBLC6-2SC6,Package_TO_SOT_SMD:SOT-23-6,,https://www.lcsc.com/datasheet/lcsc_datasheet_2410121836_STMicroelectronics-USBLC6-2SC6_C7519.pdf,Selected prototype part; package/assembly release checks remain,STMicroelectronics,C7519
U5,RV-3028-C7,RV-3028-C7-32.768kHz-1ppm-TA-QC,Package_SON:MicroCrystal_C7_SON-8_1.5x3.2mm_P0.9mm,,https://www.microcrystal.com/fileadmin/Media/Products/RTC/Datasheet/RV-3028-C7.pdf,Selected prototype part; package/assembly release checks remain,Micro Crystal,C3019759
U6,MAX98357A,MAX98357AETE+T,Package_DFN_QFN:TQFN-16-1EP_3x3mm_P0.5mm_EP1.23x1.23mm,,https://www.lcsc.com/datasheet/lcsc_datasheet_2201242100_Analog-Devices-Inc--Maxim-Integrated-MAX98357AETE-T_C910544.pdf,Selected prototype part; package/assembly release checks remain,Analog Devices Inc./Maxim Integrated,C910544
U7,SN74LVC2G66DCUR,SN74LVC2G66DCUR,Package_SO:VSSOP-8_2.3x2mm_P0.5mm,,https://www.ti.com/cn/lit/gpn/sn74lvc2g66,Selected prototype part; package/assembly release checks remain,Texas Instruments,C181970
U8,SN74LVC1T45DBVR,SN74LVC1T45DBVR,Package_TO_SOT_SMD:SOT-23-6,,https://www.ti.com/cn/lit/gpn/sn74lvc1t45,Selected prototype part; package/assembly release checks remain,Texas Instruments,C7843
