Kind,Reference,Pin,Native_X_mm,Native_Y_down_mm,Gerber_X_mm,Gerber_Y_up_mm,Drill_mm,Process
via,,,101.4,100.3,101.4,-100.3,0.25,epoxy_fill_and_copper_cap
via,,,101.4,107.65,101.4,-107.65,0.25,epoxy_fill_and_copper_cap
via,,,102.75,101.3,102.75,-101.3,0.25,epoxy_fill_and_copper_cap
via,,,102.75,108.65,102.75,-108.65,0.25,epoxy_fill_and_copper_cap
via,,,104.45,108.05,104.45,-108.05,0.25,epoxy_fill_and_copper_cap
via,,,105.45,123.95,105.45,-123.95,0.3,epoxy_fill_and_copper_cap
via,,,106.25,105.15,106.25,-105.15,0.25,epoxy_fill_and_copper_cap
via,,,106.5,93.55,106.5,-93.55,0.25,epoxy_fill_and_copper_cap
via,,,106.5,97.55,106.5,-97.55,0.25,epoxy_fill_and_copper_cap
via,,,107.05,83.95,107.05,-83.95,0.25,epoxy_fill_and_copper_cap
via,,,107.05,92.05,107.05,-92.05,0.25,epoxy_fill_and_copper_cap
via,,,107.65,84.5,107.65,-84.5,0.25,epoxy_fill_and_copper_cap
via,,,107.65,85.9,107.65,-85.9,0.25,epoxy_fill_and_copper_cap
via,,,107.75,89.35,107.75,-89.35,0.25,epoxy_fill_and_copper_cap
via,,,107.75,105.7,107.75,-105.7,0.25,epoxy_fill_and_copper_cap
via,,,108.0,107.3,108.0,-107.3,0.25,epoxy_fill_and_copper_cap
via,,,108.05,108.4,108.05,-108.4,0.4,epoxy_fill_and_copper_cap
via,,,108.2,83.2,108.2,-83.2,0.25,epoxy_fill_and_copper_cap
via,,,108.8,116.05,108.8,-116.05,0.4,epoxy_fill_and_copper_cap
via,,,109.0,71.25,109.0,-71.25,0.25,epoxy_fill_and_copper_cap
via,,,109.0,107.75,109.0,-107.75,0.25,epoxy_fill_and_copper_cap
via,,,109.15,105.7,109.15,-105.7,0.25,epoxy_fill_and_copper_cap
via,,,109.25,81.7,109.25,-81.7,0.25,epoxy_fill_and_copper_cap
via,,,109.65,103.5,109.65,-103.5,0.25,epoxy_fill_and_copper_cap
via,,,109.65,107.3,109.65,-107.3,0.25,epoxy_fill_and_copper_cap
via,,,109.8,109.25,109.8,-109.25,0.25,epoxy_fill_and_copper_cap
via,,,109.975,98.55,109.975,-98.55,0.3,epoxy_fill_and_copper_cap
via,,,110.0,88.0,110.0,-88.0,0.25,epoxy_fill_and_copper_cap
via,,,110.0,122.8,110.0,-122.8,0.25,epoxy_fill_and_copper_cap
via,,,110.05,101.9,110.05,-101.9,0.25,epoxy_fill_and_copper_cap
via,,,110.15,108.05,110.15,-108.05,0.4,epoxy_fill_and_copper_cap
via,,,110.25,84.0,110.25,-84.0,0.25,epoxy_fill_and_copper_cap
via,,,110.25,106.25,110.25,-106.25,0.25,epoxy_fill_and_copper_cap
via,,,110.4,97.45,110.4,-97.45,0.4,epoxy_fill_and_copper_cap
via,,,110.55,122.25,110.55,-122.25,0.25,epoxy_fill_and_copper_cap
via,,,110.8,101.85,110.8,-101.85,0.2,epoxy_fill_and_copper_cap
via,,,110.8,118.1,110.8,-118.1,0.25,epoxy_fill_and_copper_cap
via,,,111.15,106.15,111.15,-106.15,0.4,epoxy_fill_and_copper_cap
via,,,111.25,123.0,111.25,-123.0,0.3,epoxy_fill_and_copper_cap
via,,,112.25,117.0,112.25,-117.0,0.25,epoxy_fill_and_copper_cap
via,,,112.35,102.8,112.35,-102.8,0.25,epoxy_fill_and_copper_cap
via,,,112.5,103.55,112.5,-103.55,0.25,epoxy_fill_and_copper_cap
via,,,112.7,108.8,112.7,-108.8,0.25,epoxy_fill_and_copper_cap
via,,,113.0,96.9,113.0,-96.9,0.2,epoxy_fill_and_copper_cap
via,,,113.0,98.2,113.0,-98.2,0.2,epoxy_fill_and_copper_cap
via,,,113.3,105.25,113.3,-105.25,0.25,epoxy_fill_and_copper_cap
via,,,114.0,102.9,114.0,-102.9,0.2,epoxy_fill_and_copper_cap
via,,,114.25,83.5,114.25,-83.5,0.25,epoxy_fill_and_copper_cap
via,,,114.35,105.3,114.35,-105.3,0.4,epoxy_fill_and_copper_cap
via,,,115.0,71.25,115.0,-71.25,0.25,epoxy_fill_and_copper_cap
via,,,115.05,79.65,115.05,-79.65,0.25,epoxy_fill_and_copper_cap
via,,,115.1,101.3,115.1,-101.3,0.2,epoxy_fill_and_copper_cap
via,,,115.6,123.85,115.6,-123.85,0.25,epoxy_fill_and_copper_cap
via,,,116.025,98.55,116.025,-98.55,0.3,epoxy_fill_and_copper_cap
via,,,116.25,82.0,116.25,-82.0,0.25,epoxy_fill_and_copper_cap
via,,,116.3,88.5,116.3,-88.5,0.4,epoxy_fill_and_copper_cap
via,,,116.3,92.0,116.3,-92.0,0.25,epoxy_fill_and_copper_cap
via,,,117.0,86.8,117.0,-86.8,0.4,epoxy_fill_and_copper_cap
via,,,117.1,122.15,117.1,-122.15,0.25,epoxy_fill_and_copper_cap
via,,,117.55,103.5,117.55,-103.5,0.25,epoxy_fill_and_copper_cap
via,,,117.7,78.4,117.7,-78.4,0.4,epoxy_fill_and_copper_cap
via,,,117.7,102.6,117.7,-102.6,0.4,epoxy_fill_and_copper_cap
via,,,119.0,112.5,119.0,-112.5,0.25,epoxy_fill_and_copper_cap
via,,,119.05,80.15,119.05,-80.15,0.25,epoxy_fill_and_copper_cap
via,,,119.35,81.85,119.35,-81.85,0.4,epoxy_fill_and_copper_cap
via,,,119.5,98.6,119.5,-98.6,0.25,epoxy_fill_and_copper_cap
via,,,119.6,104.9,119.6,-104.9,0.4,epoxy_fill_and_copper_cap
via,,,120.1,91.7,120.1,-91.7,0.4,epoxy_fill_and_copper_cap
via,,,120.25,75.5,120.25,-75.5,0.25,epoxy_fill_and_copper_cap
via,,,120.75,74.8,120.75,-74.8,0.25,epoxy_fill_and_copper_cap
via,,,120.9,109.15,120.9,-109.15,0.4,epoxy_fill_and_copper_cap
via,,,120.95,73.0,120.95,-73.0,0.25,epoxy_fill_and_copper_cap
via,,,121.5,106.95,121.5,-106.95,0.25,epoxy_fill_and_copper_cap
via,,,122.25,74.7,122.25,-74.7,0.25,epoxy_fill_and_copper_cap
via,,,122.5,71.0,122.5,-71.0,0.25,epoxy_fill_and_copper_cap
via,,,122.65,78.9,122.65,-78.9,0.25,epoxy_fill_and_copper_cap
via,,,122.7,98.6,122.7,-98.6,0.25,epoxy_fill_and_copper_cap
via,,,122.8,79.65,122.8,-79.65,0.25,epoxy_fill_and_copper_cap
via,,,123.0,77.65,123.0,-77.65,0.25,epoxy_fill_and_copper_cap
via,,,123.45,118.05,123.45,-118.05,0.25,epoxy_fill_and_copper_cap
via,,,123.85,116.2,123.85,-116.2,0.25,epoxy_fill_and_copper_cap
via,,,124.0,121.0,124.0,-121.0,0.3,epoxy_fill_and_copper_cap
via,,,124.95,124.0,124.95,-124.0,0.25,epoxy_fill_and_copper_cap
via,,,125.5,75.05,125.5,-75.05,0.25,epoxy_fill_and_copper_cap
via,,,125.5,78.25,125.5,-78.25,0.25,epoxy_fill_and_copper_cap
via,,,125.5,113.45,125.5,-113.45,0.25,epoxy_fill_and_copper_cap
via,,,125.9,98.6,125.9,-98.6,0.25,epoxy_fill_and_copper_cap
via,,,126.0,78.86,126.0,-78.86,0.25,epoxy_fill_and_copper_cap
via,,,126.0,83.15,126.0,-83.15,0.25,epoxy_fill_and_copper_cap
via,,,126.0,122.55,126.0,-122.55,0.25,epoxy_fill_and_copper_cap
via,,,126.0,123.35,126.0,-123.35,0.25,epoxy_fill_and_copper_cap
via,,,126.55,84.65,126.55,-84.65,0.25,epoxy_fill_and_copper_cap
via,,,127.1,85.75,127.1,-85.75,0.25,epoxy_fill_and_copper_cap
via,,,127.25,117.0,127.25,-117.0,0.25,epoxy_fill_and_copper_cap
via,,,127.25,122.0,127.25,-122.0,0.25,epoxy_fill_and_copper_cap
via,,,127.65,93.6,127.65,-93.6,0.25,epoxy_fill_and_copper_cap
via,,,129.05,90.25,129.05,-90.25,0.25,epoxy_fill_and_copper_cap
via,,,129.5,93.55,129.5,-93.55,0.25,epoxy_fill_and_copper_cap
via,,,129.5,97.55,129.5,-97.55,0.25,epoxy_fill_and_copper_cap
via,,,129.85,90.25,129.85,-90.25,0.25,epoxy_fill_and_copper_cap
pad,U3,41,130.1,78.26,130.1,-78.26,0.3,epoxy_fill_and_copper_cap
pad,U3,41,130.1,79.66,130.1,-79.66,0.3,epoxy_fill_and_copper_cap
pad,U3,41,130.8,77.56,130.8,-77.56,0.3,epoxy_fill_and_copper_cap
pad,U3,41,130.8,78.96,130.8,-78.96,0.3,epoxy_fill_and_copper_cap
pad,U3,41,130.8,80.36,130.8,-80.36,0.3,epoxy_fill_and_copper_cap
via,,,130.8,106.65,130.8,-106.65,0.25,epoxy_fill_and_copper_cap
via,,,131.25,93.0,131.25,-93.0,0.25,epoxy_fill_and_copper_cap
pad,U3,41,131.5,78.26,131.5,-78.26,0.3,epoxy_fill_and_copper_cap
pad,U3,41,131.5,79.66,131.5,-79.66,0.3,epoxy_fill_and_copper_cap
via,,,131.85,90.25,131.85,-90.25,0.25,epoxy_fill_and_copper_cap
via,,,132.0,113.65,132.0,-113.65,0.25,epoxy_fill_and_copper_cap
via,,,132.199999,85.65,132.199999,-85.65,0.25,epoxy_fill_and_copper_cap
pad,U3,41,132.2,77.56,132.2,-77.56,0.3,epoxy_fill_and_copper_cap
pad,U3,41,132.2,78.96,132.2,-78.96,0.3,epoxy_fill_and_copper_cap
pad,U3,41,132.2,80.36,132.2,-80.36,0.3,epoxy_fill_and_copper_cap
via,,,132.3,103.75,132.3,-103.75,0.25,epoxy_fill_and_copper_cap
pad,U3,41,132.9,78.26,132.9,-78.26,0.3,epoxy_fill_and_copper_cap
pad,U3,41,132.9,79.66,132.9,-79.66,0.3,epoxy_fill_and_copper_cap
via,,,132.974999,98.55,132.974999,-98.55,0.3,epoxy_fill_and_copper_cap
via,,,133.05,101.9,133.05,-101.9,0.25,epoxy_fill_and_copper_cap
via,,,133.05,103.6,133.05,-103.6,0.25,epoxy_fill_and_copper_cap
via,,,133.1,91.55,133.1,-91.55,0.25,epoxy_fill_and_copper_cap
via,,,133.3,86.15,133.3,-86.15,0.25,epoxy_fill_and_copper_cap
via,,,133.75,98.4,133.75,-98.4,0.25,epoxy_fill_and_copper_cap
via,,,133.8,101.85,133.8,-101.85,0.2,epoxy_fill_and_copper_cap
via,,,133.9,117.25,133.9,-117.25,0.25,epoxy_fill_and_copper_cap
via,,,134.3,104.95,134.3,-104.95,0.25,epoxy_fill_and_copper_cap
via,,,134.3,112.0,134.3,-112.0,0.25,epoxy_fill_and_copper_cap
via,,,134.8,115.85,134.8,-115.85,0.25,epoxy_fill_and_copper_cap
via,,,135.05,102.8,135.05,-102.8,0.25,epoxy_fill_and_copper_cap
via,,,136.0,96.9,136.0,-96.9,0.2,epoxy_fill_and_copper_cap
via,,,136.0,98.2,136.0,-98.2,0.2,epoxy_fill_and_copper_cap
via,,,136.2,95.6,136.2,-95.6,0.25,epoxy_fill_and_copper_cap
via,,,136.3,105.25,136.3,-105.25,0.25,epoxy_fill_and_copper_cap
via,,,136.5,113.65,136.5,-113.65,0.25,epoxy_fill_and_copper_cap
via,,,136.9,93.35,136.9,-93.35,0.25,epoxy_fill_and_copper_cap
via,,,137.0,102.9,137.0,-102.9,0.2,epoxy_fill_and_copper_cap
via,,,137.5,108.0,137.5,-108.0,0.25,epoxy_fill_and_copper_cap
via,,,137.95,99.1,137.95,-99.1,0.25,epoxy_fill_and_copper_cap
via,,,138.1,101.3,138.1,-101.3,0.2,epoxy_fill_and_copper_cap
via,,,138.25,120.75,138.25,-120.75,0.25,epoxy_fill_and_copper_cap
via,,,138.35,114.55,138.35,-114.55,0.25,epoxy_fill_and_copper_cap
via,,,138.4,82.45,138.4,-82.45,0.25,epoxy_fill_and_copper_cap
via,,,138.5,97.75,138.5,-97.75,0.25,epoxy_fill_and_copper_cap
via,,,138.85,115.45,138.85,-115.45,0.25,epoxy_fill_and_copper_cap
via,,,139.0,116.2,139.0,-116.2,0.25,epoxy_fill_and_copper_cap
via,,,139.025,98.55,139.025,-98.55,0.3,epoxy_fill_and_copper_cap
via,,,139.1,82.75,139.1,-82.75,0.25,epoxy_fill_and_copper_cap
via,,,139.8,87.0,139.8,-87.0,0.25,epoxy_fill_and_copper_cap
via,,,139.95,98.45,139.95,-98.45,0.25,epoxy_fill_and_copper_cap
via,,,140.0,81.4,140.0,-81.4,0.25,epoxy_fill_and_copper_cap
via,,,140.5,86.7,140.5,-86.7,0.25,epoxy_fill_and_copper_cap
via,,,140.5,95.75,140.5,-95.75,0.25,epoxy_fill_and_copper_cap
via,,,140.55,103.5,140.55,-103.5,0.25,epoxy_fill_and_copper_cap
via,,,140.55,122.9,140.55,-122.9,0.25,epoxy_fill_and_copper_cap
via,,,140.8,93.35,140.8,-93.35,0.25,epoxy_fill_and_copper_cap
via,,,141.0,120.75,141.0,-120.75,0.25,epoxy_fill_and_copper_cap
via,,,141.1,123.95,141.1,-123.95,0.3,epoxy_fill_and_copper_cap
via,,,141.3,104.0,141.3,-104.0,0.4,epoxy_fill_and_copper_cap
via,,,141.4,90.5,141.4,-90.5,0.25,epoxy_fill_and_copper_cap
via,,,141.95,101.6,141.95,-101.6,0.25,epoxy_fill_and_copper_cap
via,,,142.05,93.65,142.05,-93.65,0.25,epoxy_fill_and_copper_cap
via,,,142.25,117.0,142.25,-117.0,0.25,epoxy_fill_and_copper_cap
via,,,142.5,98.6,142.5,-98.6,0.25,epoxy_fill_and_copper_cap
via,,,143.0,76.3,143.0,-76.3,0.25,epoxy_fill_and_copper_cap
via,,,143.0,87.0,143.0,-87.0,0.25,epoxy_fill_and_copper_cap
via,,,143.0,106.75,143.0,-106.75,0.25,epoxy_fill_and_copper_cap
via,,,143.1,73.2,143.1,-73.2,0.25,epoxy_fill_and_copper_cap
via,,,143.25,118.5,143.25,-118.5,0.25,epoxy_fill_and_copper_cap
via,,,143.3,92.7,143.3,-92.7,0.25,epoxy_fill_and_copper_cap
via,,,143.55,74.05,143.55,-74.05,0.25,epoxy_fill_and_copper_cap
via,,,143.55,87.6,143.55,-87.6,0.25,epoxy_fill_and_copper_cap
via,,,143.75,86.75,143.75,-86.75,0.25,epoxy_fill_and_copper_cap
via,,,144.05,97.1,144.05,-97.1,0.25,epoxy_fill_and_copper_cap
via,,,144.1,89.15,144.1,-89.15,0.25,epoxy_fill_and_copper_cap
via,,,144.2,76.5,144.2,-76.5,0.25,epoxy_fill_and_copper_cap
via,,,144.2,108.4,144.2,-108.4,0.25,epoxy_fill_and_copper_cap
via,,,144.25,96.0,144.25,-96.0,0.25,epoxy_fill_and_copper_cap
via,,,145.0,73.75,145.0,-73.75,0.25,epoxy_fill_and_copper_cap
via,,,145.05,122.2,145.05,-122.2,0.25,epoxy_fill_and_copper_cap
via,,,145.15,93.45,145.15,-93.45,0.25,epoxy_fill_and_copper_cap
via,,,145.7,98.6,145.7,-98.6,0.25,epoxy_fill_and_copper_cap
via,,,145.8,87.2,145.8,-87.2,0.25,epoxy_fill_and_copper_cap
via,,,145.95,75.45,145.95,-75.45,0.25,epoxy_fill_and_copper_cap
via,,,146.1,90.3,146.1,-90.3,0.4,epoxy_fill_and_copper_cap
via,,,146.35,99.3,146.35,-99.3,0.4,epoxy_fill_and_copper_cap
via,,,146.35,106.15,146.35,-106.15,0.4,epoxy_fill_and_copper_cap
via,,,146.5,108.0,146.5,-108.0,0.25,epoxy_fill_and_copper_cap
via,,,147.75,111.0,147.75,-111.0,0.25,epoxy_fill_and_copper_cap
via,,,148.0,85.25,148.0,-85.25,0.25,epoxy_fill_and_copper_cap
via,,,148.15,99.3,148.15,-99.3,0.4,epoxy_fill_and_copper_cap
via,,,148.25,109.75,148.25,-109.75,0.25,epoxy_fill_and_copper_cap
via,,,148.6,95.3,148.6,-95.3,0.25,epoxy_fill_and_copper_cap
via,,,148.9,98.6,148.9,-98.6,0.25,epoxy_fill_and_copper_cap
via,,,148.9,108.0,148.9,-108.0,0.4,epoxy_fill_and_copper_cap
via,,,149.0,85.35,149.0,-85.35,0.25,epoxy_fill_and_copper_cap
via,,,149.05,93.95,149.05,-93.95,0.4,epoxy_fill_and_copper_cap
via,,,149.1,106.4,149.1,-106.4,0.4,epoxy_fill_and_copper_cap
via,,,149.65,102.65,149.65,-102.65,0.25,epoxy_fill_and_copper_cap
via,,,149.65,103.55,149.65,-103.55,0.25,epoxy_fill_and_copper_cap
via,,,149.75,109.25,149.75,-109.25,0.25,epoxy_fill_and_copper_cap
via,,,149.8,98.7,149.8,-98.7,0.25,epoxy_fill_and_copper_cap
via,,,149.95,106.75,149.95,-106.75,0.25,epoxy_fill_and_copper_cap
via,,,149.95,111.3,149.95,-111.3,0.4,epoxy_fill_and_copper_cap
via,,,150.0,104.7,150.0,-104.7,0.25,epoxy_fill_and_copper_cap
via,,,150.35,114.3,150.35,-114.3,0.4,epoxy_fill_and_copper_cap
via,,,150.5,72.6,150.5,-72.6,0.25,epoxy_fill_and_copper_cap
via,,,150.65,106.5,150.65,-106.5,0.2,epoxy_fill_and_copper_cap
via,,,150.8,107.85,150.8,-107.85,0.25,epoxy_fill_and_copper_cap
via,,,151.05,101.65,151.05,-101.65,0.25,epoxy_fill_and_copper_cap
via,,,151.45,78.5,151.45,-78.5,0.25,epoxy_fill_and_copper_cap
via,,,151.55,104.65,151.55,-104.65,0.25,epoxy_fill_and_copper_cap
via,,,151.55,107.35,151.55,-107.35,0.25,epoxy_fill_and_copper_cap
via,,,152.15,77.7,152.15,-77.7,0.4,epoxy_fill_and_copper_cap
via,,,152.2,76.8,152.2,-76.8,0.25,epoxy_fill_and_copper_cap
via,,,152.3,102.85,152.3,-102.85,0.25,epoxy_fill_and_copper_cap
via,,,152.95,102.3,152.95,-102.3,0.25,epoxy_fill_and_copper_cap
via,,,153.0,106.0,153.0,-106.0,0.2,epoxy_fill_and_copper_cap
via,,,153.2,81.55,153.2,-81.55,0.25,epoxy_fill_and_copper_cap
via,,,153.2,84.25,153.2,-84.25,0.25,epoxy_fill_and_copper_cap
via,,,153.3,93.6,153.3,-93.6,0.4,epoxy_fill_and_copper_cap
via,,,153.4,115.0,153.4,-115.0,0.25,epoxy_fill_and_copper_cap
via,,,153.55,80.15,153.55,-80.15,0.25,epoxy_fill_and_copper_cap
via,,,153.55,96.55,153.55,-96.55,0.4,epoxy_fill_and_copper_cap
via,,,153.95,111.5,153.95,-111.5,0.25,epoxy_fill_and_copper_cap
via,,,154.0,85.25,154.0,-85.25,0.25,epoxy_fill_and_copper_cap
via,,,154.2,93.75,154.2,-93.75,0.25,epoxy_fill_and_copper_cap
via,,,154.3,97.25,154.3,-97.25,0.2,epoxy_fill_and_copper_cap
via,,,154.45,104.65,154.45,-104.65,0.25,epoxy_fill_and_copper_cap
via,,,154.5,107.5,154.5,-107.5,0.4,epoxy_fill_and_copper_cap
via,,,154.65,75.85,154.65,-75.85,0.25,epoxy_fill_and_copper_cap
via,,,154.65,80.15,154.65,-80.15,0.25,epoxy_fill_and_copper_cap
via,,,154.7,82.25,154.7,-82.25,0.25,epoxy_fill_and_copper_cap
via,,,154.75,109.2,154.75,-109.2,0.25,epoxy_fill_and_copper_cap
via,,,154.85,94.6,154.85,-94.6,0.25,epoxy_fill_and_copper_cap
via,,,155.2,83.75,155.2,-83.75,0.25,epoxy_fill_and_copper_cap
via,,,155.5,90.75,155.5,-90.75,0.25,epoxy_fill_and_copper_cap
via,,,155.5,96.05,155.5,-96.05,0.25,epoxy_fill_and_copper_cap
via,,,155.6,98.9,155.6,-98.9,0.25,epoxy_fill_and_copper_cap
via,,,155.75,77.7,155.75,-77.7,0.4,epoxy_fill_and_copper_cap
via,,,155.8,93.8,155.8,-93.8,0.25,epoxy_fill_and_copper_cap
via,,,156.25,79.6,156.25,-79.6,0.25,epoxy_fill_and_copper_cap
via,,,156.25,102.5,156.25,-102.5,0.25,epoxy_fill_and_copper_cap
via,,,156.3,92.5,156.3,-92.5,0.25,epoxy_fill_and_copper_cap
via,,,156.45,95.9,156.45,-95.9,0.25,epoxy_fill_and_copper_cap
via,,,157.25,117.0,157.25,-117.0,0.25,epoxy_fill_and_copper_cap
via,,,157.5,95.8,157.5,-95.8,0.25,epoxy_fill_and_copper_cap
via,,,157.95,80.2,157.95,-80.2,0.25,epoxy_fill_and_copper_cap
via,,,158.0,77.35,158.0,-77.35,0.25,epoxy_fill_and_copper_cap
via,,,158.7,101.0,158.7,-101.0,0.25,epoxy_fill_and_copper_cap
via,,,159.25,81.0,159.25,-81.0,0.25,epoxy_fill_and_copper_cap
via,,,159.3,97.75,159.3,-97.75,0.2,epoxy_fill_and_copper_cap
via,,,160.2,97.2,160.2,-97.2,0.25,epoxy_fill_and_copper_cap
via,,,160.55,94.95,160.55,-94.95,0.25,epoxy_fill_and_copper_cap
via,,,161.8,99.1,161.8,-99.1,0.25,epoxy_fill_and_copper_cap
