Designator,Mid X,Mid Y,Layer,Rotation
SW1,153.000000,-86.500000,bottom,180.000000
SW2,115.000000,-85.000000,bottom,180.000000
SW3,130.000000,-85.000000,bottom,180.000000
C1,106.500000,-95.500000,top,90.000000
C2,106.500000,-99.500000,top,90.000000
C3,109.800000,-100.000000,top,90.000000
C4,113.300000,-104.000000,top,-90.000000
C5,116.200000,-100.000000,top,90.000000
C6,119.500000,-99.000000,top,90.000000
C7,122.700000,-99.000000,top,90.000000
C8,125.900000,-99.000000,top,90.000000
C9,129.500000,-95.500000,top,90.000000
C10,129.500000,-99.500000,top,90.000000
C11,132.800000,-100.000000,top,90.000000
C12,136.300000,-104.000000,top,-90.000000
C13,139.200000,-100.000000,top,90.000000
C14,142.500000,-99.000000,top,90.000000
C15,145.700000,-99.000000,top,90.000000
C16,148.900000,-99.000000,top,90.000000
C17,119.000000,-73.000000,top,0.000000
C18,122.000000,-71.800000,top,0.000000
C19,119.000000,-75.500000,top,0.000000
C20,113.000000,-83.500000,top,0.000000
C21,150.500000,-73.000000,top,90.000000
C25,116.000000,-117.000000,top,0.000000
C29,158.000000,-78.600000,top,90.000000
C34,145.000000,-77.000000,top,90.000000
C35,155.000000,-111.500000,top,0.000000
C36,159.500000,-108.000000,top,90.000000
C37,161.000000,-93.500000,top,90.000000
D2,130.000000,-121.000000,top,0.000000
F1,110.000000,-112.000000,top,0.000000
J1,119.000000,-112.000000,top,0.000000
J2,102.400000,-88.000000,top,-90.000000
J3,150.080000,-108.000000,top,0.000000
L1,113.000000,-96.900000,top,0.000000
L2,136.000000,-96.900000,top,0.000000
Q1,112.000000,-108.000000,top,0.000000
Q4,116.000000,-79.500000,top,0.000000
Q5,120.000000,-80.000000,top,0.000000
Q6,125.500000,-94.000000,top,0.000000
Q7,143.000000,-93.500000,top,0.000000
R1,109.000000,-109.000000,top,90.000000
R3,109.200000,-102.700000,top,0.000000
R4,116.300000,-102.100000,top,180.000000
R5,116.300000,-103.500000,top,0.000000
R6,112.100000,-104.800000,top,90.000000
R7,132.199999,-102.700000,top,0.000000
R8,139.300000,-102.100000,top,180.000000
R9,139.300000,-103.500000,top,0.000000
R10,135.100000,-104.800000,top,90.000000
R12,145.000000,-88.000000,top,0.000000
R13,122.000000,-75.500000,top,0.000000
R14,109.000000,-84.000000,top,0.000000
R15,108.000000,-81.700000,top,0.000000
R16,154.000000,-83.500000,top,90.000000
R17,156.000000,-83.500000,top,90.000000
R18,150.300000,-79.000000,top,90.000000
R19,132.300000,-105.000000,top,90.000000
R27,114.000000,-117.000000,top,0.000000
R28,128.000000,-117.000000,top,90.000000
R29,130.000000,-117.000000,top,90.000000
R30,132.000000,-117.000000,top,90.000000
R31,107.000000,-106.500000,top,0.000000
R32,109.000000,-106.500000,top,0.000000
R33,158.000000,-81.000000,top,0.000000
R34,121.000000,-86.500000,top,180.000000
R35,121.000000,-87.750000,top,180.000000
R40,113.000000,-79.000000,top,90.000000
R41,115.000000,-82.000000,top,0.000000
R42,117.500000,-77.000000,top,90.000000
R43,117.500000,-82.500000,top,0.000000
R44,121.000000,-83.000000,top,0.000000
R45,123.000000,-94.000000,top,90.000000
R46,146.000000,-93.500000,top,90.000000
R47,143.000000,-96.000000,top,0.000000
R48,145.000000,-72.500000,top,90.000000
R49,145.000000,-75.000000,top,90.000000
R54,152.000000,-92.300000,top,0.000000
R55,160.800000,-96.000000,top,90.000000
R56,160.800000,-98.000000,top,90.000000
SW7,114.000000,-121.000000,top,0.000000
U1,113.000000,-102.000000,top,0.000000
U2,136.000000,-102.000000,top,0.000000
U3,133.000000,-76.500000,top,0.000000
U4,112.300000,-88.000000,top,0.000000
U5,154.000000,-78.000000,top,0.000000
U10,155.000000,-96.500000,top,0.000000
